Minimum Age,Max Age,Category Order,Main Category,Book Order,ISBN 13,Image Link,Name,Rating,Review
0,2,1,Bestseller - New York Times,1,9780330512787,https://m.media-amazon.com/images/I/41RiDBtzZZL._AC_US218_..jpg,Dear Zoo,4.8,"27,273"
0,2,1,Bestseller - New York Times,2,9780307010858,https://m.media-amazon.com/images/I/61Xs6x5WOwL._AC_US218_..jpg,The Monster at the End of This Book,4.9,"26,941"
0,2,1,Bestseller - New York Times,3,9780385376716,https://m.media-amazon.com/images/I/51gEY86ijML._AC_US218_..jpg,The Wonderful Things You Will Be,4.9,"26,583"
0,2,1,Bestseller - New York Times,4,9780451470799,https://m.media-amazon.com/images/I/51CSQG-vbuL._AC_US218_..jpg,Corduroy,4.9,"16,928"
0,2,1,Bestseller - New York Times,5,9780544938090,https://m.media-amazon.com/images/I/51VQB3uWu+L._AC_US218_..jpg,Little Blue Truck's Springtime,4.8,"14,321"
0,2,1,Bestseller - New York Times,6,9780241017982,https://m.media-amazon.com/images/I/41waUX+835L._AC_US218_..jpg,The Very Hungry Caterpillar,4.8,"11,167"
0,2,1,Bestseller - New York Times,7,9780394809373,https://m.media-amazon.com/images/I/41dGk57DgBL._AC_US218_..jpg,The Foot Book (The Bright and Early Books for Beginning Beginners),4.8,"10,202"
0,2,1,Bestseller - New York Times,8,9780375863592,https://m.media-amazon.com/images/I/61csdekmEIL._AC_US218_..jpg,The Night Before Christmas (Little Golden Book),4.8,"8,676"
0,2,1,Bestseller - New York Times,9,9780448489322,https://m.media-amazon.com/images/I/41jZK5rDWpL._AC_US218_..jpg,Love from The Very Hungry Caterpillar (The World of Eric Carle),4.8,"4,338"
0,2,1,Bestseller - New York Times,10,9780152060572,https://m.media-amazon.com/images/I/41PPg2THOZL._AC_US218_..jpg,Ten Little Fingers and Ten Little Toes,4.8,"2,537"
0,2,2,Bestseller - UK,1,9781408301982,https://m.media-amazon.com/images/I/51e94vOiXVL._AC_US218_..jpg,Giraffes Can't Dance,4.8,"30,330"
0,2,2,Bestseller - UK,2,9780811877824,https://m.media-amazon.com/images/I/61ZUsg-damL._AC_US218_..jpg,"Goodnight, Goodnight, Construction Site",4.9,"20,970"
0,2,2,Bestseller - UK,3,9780451470799,https://m.media-amazon.com/images/I/51CSQG-vbuL._AC_US218_..jpg,Corduroy,4.9,"16,928"
0,2,2,Bestseller - UK,4,9781328852137,https://m.media-amazon.com/images/I/510fMN61-ZL._AC_US218_..jpg,"Good Night, Little Blue Truck",4.9,"15,004"
0,2,2,Bestseller - UK,5,9781250071811,https://m.media-amazon.com/images/I/51d86cWth0L._AC_US218_..jpg,Your Baby's First Word Will Be DADA,4.7,"14,871"
0,2,2,Bestseller - UK,6,9780811879545,https://m.media-amazon.com/images/I/31w1M3ttfML._AC_US218_..jpg,Press Here (Herve Tullet),4.8,"13,915"
0,2,2,Bestseller - UK,7,9780670059836,https://m.media-amazon.com/images/I/6151SEgb+jL._AC_US218_..jpg,Llama Llama Red Pajama,4.9,"11,063"
0,2,2,Bestseller - UK,8,9781407164939,https://m.media-amazon.com/images/I/51JtrfFrlQL._AC_US218_..jpg,Zog Gift Edition Board Book,4.8,"9,063"
0,2,2,Bestseller - UK,9,9781400314232,https://m.media-amazon.com/images/I/51OLw8k1-cL._AC_US218_..jpg,The World Needs Who You Were Made to Be,4.9,"6,890"
0,2,2,Bestseller - UK,10,9780670012336,https://m.media-amazon.com/images/I/61G+VrRbhEL._AC_US218_..jpg,Llama Llama Time to Share,4.9,"2,696"
0,2,3,Bestseller - USA,1,9781509830435,https://m.media-amazon.com/images/I/51tu-QwJHGL._AC_US218_..jpg,Room On The Broom,4.9,"33,651"
0,2,3,Bestseller - USA,2,9781509804757,https://m.media-amazon.com/images/I/51kk4ITNM2L._AC_US218_..jpg,The Gruffalo by Julia Donaldson,4.9,"27,271"
0,2,3,Bestseller - USA,3,9783314015441,https://m.media-amazon.com/images/I/51QMpUbu8DL._AC_US218_..jpg,The Rainbow Fish,4.8,"21,470"
0,2,3,Bestseller - USA,4,9781452111735,https://m.media-amazon.com/images/I/612fB3tQ-aL._AC_US218_..jpg,"Goodnight, Goodnight Construction Site (Board Book for Toddlers, Children's Board Book)",4.9,"20,976"
0,2,3,Bestseller - USA,5,9781408301982,https://m.media-amazon.com/images/I/51e94vOiXVL._AC_US218_..jpg,Giraffes Can't Dance,4.5,20000
0,2,3,Bestseller - USA,6,9781848549562,https://m.media-amazon.com/images/I/41f1hBbKLkL._AC_US218_..jpg,What If?: Serious Scientific Answers to Absurd Hypothetical Questions,4.7,"19,816"
0,2,3,Bestseller - USA,7,9781452178592,https://m.media-amazon.com/images/I/41MLqGrdOuL._AC_US218_..jpg,Press Here,4.8,"13,916"
0,2,3,Bestseller - USA,8,9781509812523,https://m.media-amazon.com/images/I/51SVeyPgHsL._AC_US218_..jpg,The Snail and the Whale,4.8,"12,319"
0,2,3,Bestseller - USA,9,9781509804764,https://m.media-amazon.com/images/I/51X1Oj2+yQL._AC_US218_.,The Gruffalo's Child,4.9,"10,576"
0,2,3,Bestseller - USA,10,9781407164939,https://m.media-amazon.com/images/I/51JtrfFrlQL._AC_US218_..jpg,Zog Gift Edition Board Book,4.8,"9,066"
0,2,5,Favourite Author - Eric Carle,1,9780593384749,https://m.media-amazon.com/images/I/81bC2wA-svL._AC_US218_..jpg,The Very Hungry Caterpillar'S First Summer (The World Of Eric Carle),4.9,"56,816"
0,2,5,Favourite Author - Eric Carle,2,9780694013012,https://m.media-amazon.com/images/I/91fpKqMLHKL._AC_US218_..jpg,From Head To Toe Board Book,4.8,"6,151"
0,2,5,Favourite Author - Eric Carle,3,9780241135907,https://m.media-amazon.com/images/I/81Kf6x0gnDS._AC_US218_..jpg,"The Very Busy Spider [Board Book] Carle, Eric",4.8,"5,928"
0,2,5,Favourite Author - Eric Carle,4,9780694013203,https://m.media-amazon.com/images/I/519Fd6M363L._AC_US218_..jpg,The Grouchy Ladybug Board Book,4.8,"3,877"
0,2,5,Favourite Author - Eric Carle,5,9780689871498,https://m.media-amazon.com/images/I/91krNZ8tzeL._AC_US218_..jpg,The Tiny Seed,4.7,"2,616"
0,2,5,Favourite Author - Eric Carle,6,9780694011476,https://m.media-amazon.com/images/I/51qQ5rAyQQL._AC_US218_..jpg,The Mixed-Up Chameleon Board Book,4.8,"2,279"
0,2,5,Favourite Author - Eric Carle,7,9780689829598,https://m.media-amazon.com/images/I/71oXDM4Gz+L._AC_US218_..jpg,"Papa, Please Get The Moon For Me",4.6,"2,248"
0,2,5,Favourite Author - Eric Carle,8,9780399226847,https://m.media-amazon.com/images/I/71kIn8H0CXL._AC_US218_..jpg,The Very Quiet Cricket Board Book,4.6,"2,076"
0,2,5,Favourite Author - Eric Carle,9,9780241959565,https://m.media-amazon.com/images/I/91tRqaX1jpL._AC_US218_..jpg,Touch And Feel Playbook (The Very Hungry Caterpillar) [Paperback] Eric Carle,4.6,"2,063"
0,2,5,Favourite Author - Eric Carle,10,9780399254901,https://m.media-amazon.com/images/I/812Evhe3k5L._AC_US218_..jpg,Mister Seahorse: Board Book (World Of Eric Carle),4.8,"1,835"
0,3,8,Information & Learning,1,9781426333125,https://m.media-amazon.com/images/I/51AEq-45HbL._AC_US218_..jpg,Animals On the Go (First Board Books),4.7,211
0,3,8,Information & Learning,2,9781426333149,https://m.media-amazon.com/images/I/51FfSSv7QML._AC_US218_..jpg,Space,4.8,211
0,3,8,Information & Learning,3,9781426334689,https://m.media-amazon.com/images/I/510uj8vhpiL._AC_US218_..jpg,Ocean (First Board Books),4.7,100
0,3,8,Information & Learning,4,9781426334665,https://m.media-amazon.com/images/I/51jsVdyUVDL._AC_US218_..jpg,Wild Animal Sounds (First Board Books),4.7,626
0,3,8,Information & Learning,5,9781426336980,https://m.media-amazon.com/images/I/51BUNrsO1IL._AC_US218_..jpg,Things That Go (First Board Books),4.7,27
0,3,8,Information & Learning,6,9781426336966,https://m.media-amazon.com/images/I/51WMNpAxjnL._AC_US218_..jpg,Dinosaurs (First Board Books),5,57
0,3,8,Information & Learning,7,9781426339028,https://m.media-amazon.com/images/I/51NZigg5etL._AC_US218_..jpg,Insects,4.8,33
0,3,8,Information & Learning,8,9781426339035,https://m.media-amazon.com/images/I/51cBY0cCmbL._AC_US218_..jpg,Weather,4.7,27
0,3,8,Information & Learning,9,9781426371455,https://m.media-amazon.com/images/I/51JyuQi2uML._AC_US218_..jpg,Trucks (First Board Books),5,17
0,3,8,Information & Learning,10,9781426371448,https://m.media-amazon.com/images/I/51bzmRHU36L._AC_US218_..jpg,Birds (First Board Books),4.7,16
0,2,4,Most Loved - Globally ,1,9780374390198,https://m.media-amazon.com/images/I/51mg+IgMraL._AC_US218_..jpg,If Animals Kissed Good Night,4.8,71356
0,2,4,Most Loved - Globally ,2,9780593384749,https://m.media-amazon.com/images/I/81bC2wA-svL._AC_US218_..jpg,The Very Hungry Caterpillar'S First Summer (The World Of Eric Carle),4.9,"56,816"
0,2,4,Most Loved - Globally ,3,9780241426128,https://m.media-amazon.com/images/I/81th8PeEwLL._AC_US218_..jpg,Where's Spot?,4.5,"31,074"
0,2,4,Most Loved - Globally ,4,9780590078689,https://m.media-amazon.com/images/I/51ENMntyyIL._AC_US218_..jpg,Dear Zoo,4.8,27278
0,2,4,Most Loved - Globally ,5,9780545155625,https://m.media-amazon.com/images/I/51xgSUNCDrL._AC_US218_..jpg,The Pout-Pout Fish,4.9,24264
0,2,4,Most Loved - Globally ,6,9780545480581,https://m.media-amazon.com/images/I/51wz6uYhU6L._AC_US218_..jpg,"Goodnight, Goodnight Construction Site",4.9,"19,756"
0,2,4,Most Loved - Globally ,7,9780547482484,https://m.media-amazon.com/images/I/51ruQAf9TML._AC_US218_..jpg,"Little Blue Truck (6 December, 2010)",4.9,"16,680"
0,2,4,Most Loved - Globally ,8,9780756634681,https://m.media-amazon.com/images/I/51C3gQRWyuL._AC_US218_..jpg,"Baby Touch and Feel: Animals (21 January, 2008)",4.7,"10,532"
0,2,4,Most Loved - Globally ,9,9780451474575,https://m.media-amazon.com/images/I/A1hHoK2Uw-L._AC_US218_..jpg,Llama Llama Red Pajama,4.5,"10,400"
0,2,4,Most Loved - Globally ,10,9780544320413,https://m.media-amazon.com/images/I/619w6zrGM+L._AC_US218_..jpg,"Little Blue Truck's Christmas (23 September, 2014)",4.8,"15,243"
0,2,7,National Geographic - First Board,2,9781426333125,https://m.media-amazon.com/images/I/51AEq-45HbL._AC_US218_..jpg,Animals On the Go (First Board Books),4.7,211
0,2,7,National Geographic - First Board,3,9781426333149,https://m.media-amazon.com/images/I/51FfSSv7QML._AC_US218_..jpg,Space,4.7,211
0,2,7,National Geographic - First Board,4,9781426334689,https://m.media-amazon.com/images/I/510uj8vhpiL._AC_US218_..jpg,Ocean (First Board Books),4.7,100
0,2,7,National Geographic - First Board,1,9781426334665,https://m.media-amazon.com/images/I/51jsVdyUVDL._AC_US218_..jpg,Wild Animal Sounds (First Board Books),4.6,626
0,2,7,National Geographic - First Board,7,9781426336980,https://m.media-amazon.com/images/I/51BUNrsO1IL._AC_US218_..jpg,Things That Go (First Board Books),4.5,27
0,2,7,National Geographic - First Board,5,9781426336966,https://m.media-amazon.com/images/I/51WMNpAxjnL._AC_US218_..jpg,Dinosaurs (First Board Books),4.7,57
0,2,7,National Geographic - First Board,6,9781426339028,https://m.media-amazon.com/images/I/51NZigg5etL._AC_US218_..jpg,Insects,4.8,33
0,2,7,National Geographic - First Board,7,9781426339035,https://m.media-amazon.com/images/I/51cBY0cCmbL._AC_US218_..jpg,Weather,4.5,27
0,2,7,National Geographic - First Board,8,9781426371455,https://m.media-amazon.com/images/I/51JyuQi2uML._AC_US218_..jpg,Trucks (First Board Books),5,17
0,2,7,National Geographic - First Board,9,9781426371448,https://m.media-amazon.com/images/I/51bzmRHU36L._AC_US218_..jpg,Birds (First Board Books),4.5,16
3,5,1,Bestseller - New York Times,1,9780545261241,https://m.media-amazon.com/images/I/51cHCkvvKiL._AC_US218_..jpg,The Wonky Donkey,4.8,"76,637"
3,5,1,Bestseller - New York Times,2,9780060254926,https://m.media-amazon.com/images/I/612cvg4xMFL._AC_US218_..jpg,Where the Wild Things Are: A Caldecott Award Winner,4.9,"32,987"
3,5,1,Bestseller - New York Times,3,9780099408390,https://m.media-amazon.com/images/I/61f6zFlxHEL._AC_US218_..jpg,WHERE THE WILD THINGS ARE,4.9,"32,987"
3,5,1,Bestseller - New York Times,4,9780394800165,https://m.media-amazon.com/images/I/41QZuBj-CPL._AC_US218_..jpg,Green Eggs and Ham,4.9,"21,991"
3,5,1,Bestseller - New York Times,5,9780399255373,https://m.media-amazon.com/images/I/51JNz57DqLL._AC_US218_..jpg,The Day the Crayons Quit,4.8,"20,784"
3,5,1,Bestseller - New York Times,6,9780007348695,https://m.media-amazon.com/images/I/51RwWYBoSgL._AC_US218_..jpg,THE CAT IN THE HAT,4.9,"18,953"
3,5,1,Bestseller - New York Times,7,9780525553366,https://m.media-amazon.com/images/I/51tjnvwfLvL._AC_US218_..jpg,Hair Love,4.9,"17,662"
3,5,1,Bestseller - New York Times,8,9780394800387,https://m.media-amazon.com/images/I/51CDMBtlLgL._AC_US218_..jpg,Fox in Socks (Beginner Books),4.8,"14,463"
3,5,1,Bestseller - New York Times,9,9780062667120,https://m.media-amazon.com/images/I/51+SVDhJwML._AC_US218_..jpg,I Am Enough,4.9,"11,470"
3,5,1,Bestseller - New York Times,10,9780061906220,https://m.media-amazon.com/images/I/51cfWcsGihL._AC_US218_..jpg,Pete the Cat: I Love My White Shoes,4.9,"10,211"
3,5,2,Bestseller - UK,1,9780920668375,https://m.media-amazon.com/images/I/61Gvvjyug2L._AC_US218_..jpg,Love You Forever,4.9,"55,615"
3,5,2,Bestseller - UK,2,9780803731097,https://m.media-amazon.com/images/I/51inFTeRHCL._AC_US218_..jpg,The Gruffalo (Picture Books),4.9,"27,265"
3,5,2,Bestseller - UK,3,9780399255373,https://m.media-amazon.com/images/I/51JNz57DqLL._AC_US218_..jpg,The Day the Crayons Quit,4.8,"20,784"
3,5,2,Bestseller - UK,4,9780803741713,https://m.media-amazon.com/images/I/41-7wT9ak8L._AC_US218_..jpg,The Book with No Pictures,4.8,"17,411"
3,5,2,Bestseller - UK,5,9780394800387,https://m.media-amazon.com/images/I/51CDMBtlLgL._AC_US218_..jpg,Fox in Socks (Beginner Books),4.8,"14,463"
3,5,2,Bestseller - UK,6,9781368046459,https://m.media-amazon.com/images/I/41fyzdXODcL._AC_US218_..jpg,The Pigeon HAS to Go to School!,4.9,"11,105"
3,5,2,Bestseller - UK,7,9780593121962,https://m.media-amazon.com/images/I/51QmX7S38-L._AC_US218_..jpg,The World Needs More Purple People (My Purple World),4.8,"10,224"
3,5,2,Bestseller - UK,8,9780670867332,https://m.media-amazon.com/images/I/51Pt28RacNL._AC_US218_..jpg,The Snowy Day Board Book,4.9,"9,373"
3,5,2,Bestseller - UK,9,9780973410457,https://m.media-amazon.com/images/I/51Gs+HSNHxL._AC_US218_..jpg,It's OK to be Different: A Children's Picture Book About Diversity and Kindness,4.8,"5,576"
3,5,2,Bestseller - UK,10,9781408340479,https://m.media-amazon.com/images/I/51dzJVdlQ1L._AC_US218_..jpg,THE SQUIRRELS WHO SQUABBLED,4.8,"5,039"
3,5,3,Bestseller - USA,1,9781492669739,https://m.media-amazon.com/images/I/51wr7-4CNXL._AC_US218_..jpg,How to Catch a Unicorn,4.8,"33,400"
3,5,3,Bestseller - USA,2,9781452173801,https://m.media-amazon.com/images/I/41gwQuKbaOL._AC_US218_..jpg,Last Week Tonight with John Oliver Presents: A Day in the Life of Marlon Bundo (HBO),4.9,"15,105"
3,5,3,Bestseller - USA,3,9781426308468,https://m.media-amazon.com/images/I/511GgwmircL._AC_US218_..jpg,National Geographic Little Kids First Big Book of Dinosaurs (National Geographic Little Kids First Big Books),4.8,"14,526"
3,5,3,Bestseller - USA,4,9781423199571,https://m.media-amazon.com/images/I/41XJiS4PvKL._AC_US218_..jpg,"Waiting Is Not Easy! (An Elephant and Piggie Book) (Elephant and Piggie Book, An)",4.8,"14,440"
3,5,3,Bestseller - USA,5,9781646118366,https://m.media-amazon.com/images/I/51LVS9-Vk0L._AC_US218_..jpg,My First Book of Planets: All About the Solar System for Kids,4.8,"14,213"
3,5,3,Bestseller - USA,6,9781484799673,https://m.media-amazon.com/images/I/5152mQzPkOL._AC_US218_..jpg,An Elephant & Piggie Biggie! (An Elephant and Piggie Book),4.9,"9,462"
3,5,3,Bestseller - USA,7,9781419713101,https://m.media-amazon.com/images/I/417f6J75AKL._AC_US218_..jpg,In My Heart: A Book of Feelings (Growing Hearts),4.9,"8,059"
3,5,3,Bestseller - USA,8,9781452126999,https://m.media-amazon.com/images/I/51fiK9n7wLL._AC_US218_..jpg,"I Wish You More (Encouragement Gifts for Kids, Uplifting Books for Graduation)",4.9,"8,053"
3,5,3,Bestseller - USA,9,9781783704231,https://m.media-amazon.com/images/I/51mslLglcoL._AC_US218_..jpg,The Colour Monster,4.8,"5,686"
3,5,3,Bestseller - USA,10,9781554512119,https://m.media-amazon.com/images/I/61e6IkiYagL._AC_US218_..jpg,The Paper Bag Princess (Board Book Abridged),4.5,"5,400"
3,5,8,Evergreen Series - Berenstain Beaand,1,9780310712558,https://m.media-amazon.com/images/I/91bGuXgbF6L._AC_US218_..jpg,The Berenstain Beaand the Joy of Giving: The True Meaning of Christmas (Berenstain Bears/Living Lights: A Faith Story),4.5,"5,767"
3,5,8,Evergreen Series - Berenstain Beaand,2,9780394856391,https://m.media-amazon.com/images/I/9116W9xIlnL._AC_US218_..jpg,The Berenstain Beaand the Messy Room (First Time Books(R)),4.5,"3,855"
3,5,8,Evergreen Series - Berenstain Beaand,3,9780310720874,https://m.media-amazon.com/images/I/911c6G-ZTrL._AC_US218_..jpg,The Berenstain Beaand the Easter Story: StickeIncluded! (Berenstain Bears/Living Lights: A Faith Story),4.5,"3,345"
3,5,8,Evergreen Series - Berenstain Beaand,4,9780394856407,https://m.media-amazon.com/images/I/91Dv203wYLL._AC_US218_..jpg,The Berenstain Beaand the Truth,4.5,"3,234"
3,5,8,Evergreen Series - Berenstain Beaand,5,9780394848358,https://m.media-amazon.com/images/I/91bQ-bTpYRL._AC_US218_..jpg,The Berenstain BeaGo to the Doctor (First Time Books(R)),4.5,"3,013"
3,5,8,Evergreen Series - Berenstain Beaand,6,9780679800910,https://m.media-amazon.com/images/I/A1kT7jIzW6L._AC_US218_..jpg,The Berenstain BeaTrick or Treat (First Time Books(R)),4.5,"2,973"
3,5,8,Evergreen Series - Berenstain Beaand,7,9780394829081,https://m.media-amazon.com/images/I/91U1cdR7U9L._AC_US218_..jpg,The Berenstain Bears' New Baby,4.5,"2,901"
3,5,8,Evergreen Series - Berenstain Beaand,8,9780310712572,https://m.media-amazon.com/images/I/91N3H0W9hxL._AC_US218_..jpg,BERENSTAIN BEAKINDNESS CNTS,4.5,"2,624"
3,5,8,Evergreen Series - Berenstain Beaand,9,9780375811333,https://m.media-amazon.com/images/I/A1Hw8ck51sL._AC_US218_..jpg,The Berenstain Beaand the Real Easter Eggs (First Time Books(R)),4.5,"2,513"
3,5,8,Evergreen Series - Berenstain Beaand,10,9780060573829,https://m.media-amazon.com/images/I/91pPH5mi14L._AC_US218_..jpg,The Berenstain Beaand the Trouble with Chores,4.5,"2,348"
3,5,5,Favourite Combo - Julia & Axel,1,9781509830435,https://m.media-amazon.com/images/I/91rbZGf6paL._AC_US218_..jpg,Room on the Broom,4.5,"32,860"
3,5,5,Favourite Combo - Julia & Axel,2,9781509830398,https://m.media-amazon.com/images/I/81wung63OFL._AC_US218_..jpg,"The Gruffalo (The Gruffalo, 1)",4.5,"26,539"
3,5,5,Favourite Combo - Julia & Axel,3,9781509830442,https://m.media-amazon.com/images/I/81zAb89Bf6L._AC_US218_..jpg,The Snail and the Whale,4.5,"11,950"
3,5,5,Favourite Combo - Julia & Axel,4,9780702303975,https://m.media-amazon.com/images/I/91pDRhyo2IL._AC_US218_..jpg,The Smeds and the Smoos BB,4.5,"10,475"
3,5,5,Favourite Combo - Julia & Axel,5,9781509830404,https://m.media-amazon.com/images/I/91r0oF1pftL._AC_US218_..jpg,"The Gruffalo's Child (The Gruffalo, 2)",4.5,"10,439"
3,5,5,Favourite Combo - Julia & Axel,6,9781407164939,https://m.media-amazon.com/images/I/91NA0mMXnwL._AC_US218_..jpg,Zog Gift Edition Board Book,4.5,"9,017"
3,5,5,Favourite Combo - Julia & Axel,7,9781509830411,https://m.media-amazon.com/images/I/91YQb0NeHZL._AC_US218_..jpg,Monkey Puzzle,4.5,"8,722"
3,5,5,Favourite Combo - Julia & Axel,8,9781407188669,https://m.media-amazon.com/images/I/71tHWMwQwiL._AC_US218_..jpg,Zog and the Flying DoctoGift edition board book,4.5,"8,359"
3,5,5,Favourite Combo - Julia & Axel,9,9781407174341,https://m.media-amazon.com/images/I/81ZhSEuwgjL._AC_US218_..jpg,The Highway Rat Gift Edition,4.5,"7,334"
3,5,5,Favourite Combo - Julia & Axel,10,9781407168197,https://m.media-amazon.com/images/I/71StwPr8PjL._AC_US218_..jpg,Superworm Gift Edition Board Book,4.5,"7,294"
3,5,4,Great Illustration,1,9781728247809,https://m.media-amazon.com/images/I/51BKImIO5CS._AC_US218_..jpg,"How to Catch a Unicorn (19 January, 2021)",4.8,"32,143"
3,5,4,Great Illustration,2,9781728247816,https://m.media-amazon.com/images/I/51YMhu5cciS._AC_US218_..jpg,"How to Catch a Mermaid (19 January, 2021)",4.8,"29,837"
3,5,4,Great Illustration,3,9781728234922,https://m.media-amazon.com/images/I/51DpGVRGXTL._AC_US218_..jpg,"How To Catch a Dinosaur (24 April, 2020)",4.8,"12,088"
3,5,4,Great Illustration,4,9780141376103,https://m.media-amazon.com/images/I/51GHJf-GXTL._AC_US218_..jpg,"There's a Monster in Your Book (Who's in Your Book?) (8 February, 2018)",4.8,"7,353"
3,5,4,Great Illustration,5,9780141376134,https://m.media-amazon.com/images/I/51iz21vChdL._AC_US218_..jpg,"ThereAEs a Dragon in Your Book (1 February, 2019)",4.8,"7,089"
3,5,4,Great Illustration,6,9780241357347,https://m.media-amazon.com/images/I/61K7bQwZ5FL._AC_US218_..jpg,"There's an Elf in Your Book (Who's in Your Book?) (29 October, 2020)",4.8,"3,593"
3,5,4,Great Illustration,7,9780241357217,https://m.media-amazon.com/images/I/51BvLysn0EL._AC_US218_..jpg,"There's an Alien in Your Book (Who's in Your Book?) (20 February, 2020)",4.8,"2,880"
3,5,4,Great Illustration,8,9781406389012,https://m.media-amazon.com/images/I/511648iJYAL._AC_US218_..jpg,THE PIGEON HAS TO GO TO SCHOOL!,4.9,11105
3,5,4,Great Illustration,9,9781406357783,https://m.media-amazon.com/images/I/510kcxqmtiL._AC_US218_..jpg,Pigeon Needs A Bath,4.9,5239
3,5,4,Great Illustration,10,9781406308129,https://m.media-amazon.com/images/I/41PcvSuWNUS._AC_US218_..jpg,Don't Let the Pigeon Stay Up Late!,4.9,4116
3,5,6,Great Stories,1,9780008172701,https://m.media-amazon.com/images/I/71asg9iJyyL._AC_US218_..jpg,There's a Snake in My School!,4.5,"4,909"
3,5,6,Great Stories,2,9780007493999,https://m.media-amazon.com/images/I/71mdQpi4jGL._AC_US218_..jpg,The Slightly Annoying Elephant,4.5,"3,690"
3,5,6,Great Stories,3,9780008305741,https://m.media-amazon.com/images/I/81afXjnxDUL._AC_US218_..jpg,Little Monsters: The perfect gift for all little monsters,4.5,"2,945"
3,5,6,Great Stories,4,9780007494002,https://m.media-amazon.com/images/I/71XuNJOAWNL._AC_US218_..jpg,The First Hippo on the Moon,4.5,"1,983"
3,5,6,Great Stories,5,9780008124434,https://m.media-amazon.com/images/I/71U4sF55n3L._AC_US218_..jpg,The Day the Crayons Came Home,4.5,"5,316"
3,5,6,Great Stories,6,9780007150366,https://m.media-amazon.com/images/I/41Ayy1o3AAL._AC_US218_..jpg,Lost and Found,4.5,"3,086"
3,5,6,Great Stories,7,9780007536597,https://m.media-amazon.com/images/I/61xassBEkVL._AC_US218_..jpg,How to Catch a Star,4.5,"3,014"
3,5,6,Great Stories,8,9780007553631,https://m.media-amazon.com/images/I/51Eg8scjVSL._AC_US218_..jpg,"Pete the Cat I Love My White Shoes (8 May, 2014)",4.9,"10,297"
3,5,6,Great Stories,9,9780007553679,https://m.media-amazon.com/images/I/51hUNC5+ZqL._AC_US218_..jpg,"Pete the Cat and his Four Groovy Buttons (31 July, 2014)",4.9,"6,155"
3,5,6,Great Stories,10,9780062198679,https://m.media-amazon.com/images/I/51J0WfCbSrL._AC_US218_..jpg,"Pete the Cat: Big Easter Adventure (28 January, 2014)",4.8,"4,982"
3,5,9,Julia and Lynda Monks,1,9781509892518,https://m.media-amazon.com/images/I/816e8tn5DRL._AC_US218_..jpg,Sugarlump and the Unicorn,4.5,"3,594"
3,5,9,Julia and Lynda Monks,2,9781509894178,https://m.media-amazon.com/images/I/71VRl8gjFrL._AC_US218_..jpg,The Singing Mermaid,4.5,"3,423"
3,5,9,Julia and Lynda Monks,3,9781509894161,https://m.media-amazon.com/images/I/81mLZWLa6cL._AC_US218_..jpg,Sharing a Shell,4.5,"2,638"
3,5,9,Julia and Lynda Monks,4,9781529027761,https://m.media-amazon.com/images/I/91tks8cVBJL._AC_US218_..jpg,"The Girl, the Bear and the Magic Shoes",4.5,"1,921"
3,5,9,Julia and Lynda Monks,5,9781509817030,https://m.media-amazon.com/images/I/91GwHmGOReL._AC_US218_..jpg,The Princess and the Wizard,4.5,"1,507"
3,5,9,Julia and Lynda Monks,6,9781529051407,https://m.media-amazon.com/images/I/51WqSXOfDBL._AC_US218_..jpg,"What the Ladybird Heard (What the Ladybird Heard, 1) (18 March, 2021)",4.8,"3,497"
3,5,9,Julia and Lynda Monks,7,9781509837335,https://m.media-amazon.com/images/I/616j9Em8taL._AC_US218_..jpg,"What the Ladybird Heard on Holiday (12 July, 2018)",4.8,"3,136"
3,5,9,Julia and Lynda Monks,8,9781529023152,https://m.media-amazon.com/images/I/51O0WkKoYfL._AC_US218_..jpg,"What the Ladybird Heard at the Seaside (2 July, 2021)",4.8,"3,124"
3,5,9,Julia and Lynda Monks,9,9781529051414,https://m.media-amazon.com/images/I/51GULj-YK9L._AC_US218_..jpg,"What the Ladybird Heard Next (What the Ladybird Heard, 2) (18 March, 2021)",4.8,"1,885"
3,5,10,Mo Willems,1,9781423164821,https://m.media-amazon.com/images/I/41c2+KyAW6L._AC_US218_..jpg,"Let'S Go For A Drive! (An Elephant And Piggie Book) (An Elephant And Piggie Book, 18) (October 2, 2012)",4.9,"4,486"
3,5,10,Mo Willems,2,9781423106869,https://m.media-amazon.com/images/I/41fzIAPNh3L._AC_US218_..jpg,"There Is A Bird On Your Head! (An Elephant And Piggie Book) (Elephant And Piggie Book, An) (September 1, 2007)",4.9,"4,463"
3,5,10,Mo Willems,3,9781423143437,https://m.media-amazon.com/images/I/41r5lTFM0LL._AC_US218_..jpg,"Should I Share My Ice Cream? (An Elephant And Piggie Book) (Elephant And Piggie Book, An) (June 14, 2011)",4.9,"3,401"
3,5,10,Mo Willems,4,9781423133094,https://m.media-amazon.com/images/I/41evS-MtzEL._AC_US218_..jpg,"I Broke My Trunk! (An Elephant And Piggie Book) (February 8, 2011)",4.9,"1,770"
3,5,10,Mo Willems,5,9781406389012,https://m.media-amazon.com/images/I/511648iJYAL._AC_US218_..jpg,THE PIGEON HAS TO GO TO SCHOOL!,4.9,11105
3,5,10,Mo Willems,6,9781406357783,https://m.media-amazon.com/images/I/510kcxqmtiL._AC_US218_..jpg,Pigeon Needs A Bath,4.9,5239
3,5,10,Mo Willems,7,9781406308129,https://m.media-amazon.com/images/I/41PcvSuWNUS._AC_US218_..jpg,Don't Let the Pigeon Stay Up Late!,4.9,4116
3,5,10,Mo Willems,8,9781423109600,https://m.media-amazon.com/images/I/51OfwaJAyrL._AC_US218_..jpg,The Pigeon Wants a Puppy,4.9,3471
3,5,10,Mo Willems,9,9781844285457,https://m.media-amazon.com/images/I/41zS7JBJgSS._AC_US218_..jpg,The Pigeon Finds a Hot Dog!,4.9,2822
3,5,10,Mo Willems,10,9781423151289,https://m.media-amazon.com/images/I/41VfWPQ-3nL._AC_US218_..jpg,"The Duckling Gets a Cookie!? (Pigeon series) (Pigeon, 5)",4.9,2701
3,5,7,National Geographic - First Books,1,9781426307935,https://m.media-amazon.com/images/I/615ux6pH7eL._AC_US218_..jpg,"Little Kids First Big Book of Why (National Geographic Kids) (9 June, 2011)",4.6,17907
3,5,7,National Geographic - First Books,2,9781426308468,https://m.media-amazon.com/images/I/511GgwmircL._AC_US218_..jpg,"LITTLE KIDS FIRST BIG BOOK OF DINOSAURS (19 October, 2011)",4.7,14105
3,5,7,National Geographic - First Books,3,9781426310140,https://m.media-amazon.com/images/I/51waVp6pN6L._AC_US218_..jpg,"Little Kids First Big Book of Space (National Geographic Kids) (20 November, 2012)",4.7,14000
3,5,7,National Geographic - First Books,4,9781426307041,https://m.media-amazon.com/images/I/61CQW-P1P+L._AC_US218_..jpg,"National Geographic Lit (29 September, 2010)",4.6,5301
3,5,7,National Geographic - First Books,5,9781426320507,https://m.media-amazon.com/images/I/6156TajzD7L._AC_US218_..jpg,"Little Kids First (6 August, 2015)",4.8,4125
3,5,7,National Geographic - First Books,6,9781426313684,https://m.media-amazon.com/images/I/51vLOq-N9iL._AC_US218_..jpg,"National Geographic Little Kids First Big Book of the Ocean (3 October, 2013)",4.9,3852
3,5,7,National Geographic - First Books,7,9781426317231,https://m.media-amazon.com/images/I/51nT8wvrkLL._AC_US218_..jpg,"Little Kids First Big Book of Bugs (National Geographic Kids) (9 October, 2014)",4.8,2984
3,5,7,National Geographic - First Books,8,9781426323294,https://m.media-amazon.com/images/I/61PPhDaYfdL._AC_US218_..jpg,"National Geographic Little Kids First Big Book Of How (National Geographic Little Kids First Big Books) (National Geographic Kids) (11 May, 2016)",4.7,2642
3,5,7,National Geographic - First Books,9,9781426333187,https://m.media-amazon.com/images/I/61m2ipPkfDL._AC_US218_..jpg,"National Geographic Little Kids First Big Book of Science (4 April, 2019)",4.8,2003
6,8,1,Bestseller - New York Times,1,9780141361796,https://m.media-amazon.com/images/I/41DLRhk8LkL._AC_US218_..jpg,Book With No Pictures,4.8,"17,411"
6,8,1,Bestseller - New York Times,3,9780062467768,https://m.media-amazon.com/images/I/41o4ElxdqTL._AC_US218_..jpg,The Bad Seed (The Food Group),4.7,"14,495"
6,8,1,Bestseller - New York Times,5,9780063080683,https://m.media-amazon.com/images/I/41CYsH0hyCL._AC_US218_..jpg,I Am Enough -,4.9,"11,470"
6,8,1,Bestseller - New York Times,6,9780062422507,https://m.media-amazon.com/images/I/51JSlX893aL._AC_US218_..jpg,"Dear Girl,: A Celebration of Wonderful, Smart, Beautiful You!",4.8,"8,888"
6,8,1,Bestseller - New York Times,7,9780062866004,https://m.media-amazon.com/images/I/51-fsX+7ygL._AC_US218_..jpg,The Good Egg (The Food Group),4.8,"8,779"
6,8,1,Bestseller - New York Times,8,9780141365503,https://m.media-amazon.com/images/I/51gP543mjmL._AC_US218_..jpg,George's Marvellous Medicine,4.7,"7,413"
6,8,1,Bestseller - New York Times,9,9780141373348,https://m.media-amazon.com/images/I/51sXFwvXK2L._AC_US218_..jpg,The Christmasaurus,4.7,"7,168"
6,8,1,Bestseller - New York Times,10,9780008124441,https://m.media-amazon.com/images/I/51uj-dk62GL._AC_US218_..jpg,DAY THE CRAYONS CAME HOME- PB+,4.9,"5,526"
6,8,1,Bestseller - New York Times,4,9780316475112,https://m.media-amazon.com/images/I/41qS2xBeBhL._AC_US218_..jpg,Little Leaders: Bold Women in Black History (Vashti Harrison),4.9,"11,963"
6,8,1,Bestseller - New York Times,2,9780142425381,https://m.media-amazon.com/images/I/512IsvYT+4L._AC_US218_..jpg,Matilda: Broadway Tie-In,4.8,"15,796"
6,7,2,Bestseller - UK & USA,1,9780593349663,https://m.media-amazon.com/images/I/510ybIgT29L._AC_US218_..jpg,Charlie and the Chocolate Factory: The Golden Edition,4.8,"14,297"
6,7,2,Bestseller - UK & USA,2,9780553274295,https://m.media-amazon.com/images/I/51Swo0Tx-AL._AC_US218_..jpg,Where the Red Fern Grows,4.8,"13,229"
6,7,2,Bestseller - UK & USA,3,9780316475112,https://m.media-amazon.com/images/I/41qS2xBeBhL._AC_US218_..jpg,Little Leaders: Bold Women in Black History (Vashti Harrison),4.9,"11,963"
6,7,2,Bestseller - UK & USA,4,9781368046459,https://m.media-amazon.com/images/I/41fyzdXODcL._AC_US218_..jpg,The Pigeon HAS to Go to School!,4.9,"11,105"
6,7,2,Bestseller - UK & USA,5,9780593121962,https://m.media-amazon.com/images/I/51QmX7S38-L._AC_US218_..jpg,The World Needs More Purple People (My Purple World),4.8,"10,224"
6,7,2,Bestseller - UK & USA,6,9780394823379,https://m.media-amazon.com/images/I/51VXGZtC7dL._AC_US218_..jpg,The Lorax (Classic Seuss),4.9,"9,271"
6,7,2,Bestseller - UK & USA,7,9780670674244,https://m.media-amazon.com/images/I/61n5JDYQBvL._AC_US218_..jpg,The Story of Ferdinand,4.9,"8,122"
6,7,2,Bestseller - UK & USA,8,9780141373348,https://m.media-amazon.com/images/I/51sXFwvXK2L._AC_US218_..jpg,The Christmasaurus,4.7,"7,168"
6,7,2,Bestseller - UK & USA,9,9780380002559,https://m.media-amazon.com/images/I/61lOdTHE60L._AC_US218_..jpg,The Velveteen Rabbit,4.8,"6,746"
6,7,2,Bestseller - UK & USA,10,9780142410363,https://m.media-amazon.com/images/I/51+hQ+jqi6L._AC_US218_..jpg,James and the Giant Peach,4.8,"6,143"
6,7,3,Jory John,1,9780062467768,https://m.media-amazon.com/images/I/81ErNcODNBL._AC_US218_..jpg,The Bad Seed (The Food Group),4.5,"8,403"
6,7,3,Jory John,2,9780062866004,https://m.media-amazon.com/images/I/812oNxmfS0L._AC_US218_..jpg,GOOD EGG,4.5,"7,698"
6,7,3,Jory John,3,9780062954527,https://m.media-amazon.com/images/I/81QKD9AKdJL._AC_US218_..jpg,The Cool Bean (The Food Group),4.5,"6,339"
6,7,3,Jory John,4,9780811874557,https://m.media-amazon.com/images/I/51yvywOZAEL._AC_US218_..jpg,"All My Friends Are Dead (Funny Books, Children's Book for Adults, Interesting Finds, Animal Books)",4.5,"4,169"
6,7,3,Jory John,5,9780062954534,https://m.media-amazon.com/images/I/71TWop7gb4L._AC_US218_..jpg,The Couch Potato (The Food Group),4.5,"4,130"
6,7,3,Jory John,6,9780062975676,https://m.media-amazon.com/images/I/81Y4fi5w5CL._AC_US218_..jpg,The Good Egg Presents: The Great Eggscape! (The Food Group),4.5,"4,077"
6,7,3,Jory John,7,9780063045408,https://m.media-amazon.com/images/I/81uoepqJ1lS._AC_US218_..jpg,The Smart Cookie (The Food Group),4.5,"2,359"
6,7,3,Jory John,8,9780062954541,https://m.media-amazon.com/images/I/A1mGYasTtES._AC_US218_..jpg,"The Bad Seed Presents: The Good, the Bad, and the Spooky (The Food Group)",4.5,"1,939"
7,10,3,Diary of a Wimpy Kid,1,9780241426692,https://m.media-amazon.com/images/I/51SRrTN+JkL._AC_US218_..jpg,Wrecking Ball (Book 14),4.6,"27,339"
7,10,3,Diary of a Wimpy Kid,2,9780241389324,https://m.media-amazon.com/images/I/51m29DumRUL._AC_US218_..jpg,The Meltdown (Book 13) ,4.6,"19,354"
7,10,3,Diary of a Wimpy Kid,3,9780241562284,https://m.media-amazon.com/images/I/51DNZzk4TNL._AC_US218_..jpg,Diary of a Wimpy Kid (Film Tie-in): Special Disney+ cover edition,4.6,"16,318"
7,10,3,Diary of a Wimpy Kid,4,9780141379029,https://m.media-amazon.com/images/I/51iVADo0OpL._AC_US218_..jpg,Double Down,4.6,"14,269"
7,10,3,Diary of a Wimpy Kid,5,9780141361819,https://m.media-amazon.com/images/I/514Li71y+0L._AC_US218_..jpg,The Long Haul,4.7,"13,579"
7,10,3,Diary of a Wimpy Kid,6,9780141353074,https://m.media-amazon.com/images/I/51MhNO+8lxL._AC_US218_..jpg,Hard Luck (Book 8),4.6,"13,262"
7,10,3,Diary of a Wimpy Kid,7,9780141343006,https://m.media-amazon.com/images/I/51u88xr+gqL._AC_US218_..jpg,Cabin Fever,4.6,"11,101"
7,10,3,Diary of a Wimpy Kid,8,9780241454138,https://m.media-amazon.com/images/I/51tsrgZ0AQS._AC_US218_..jpg,The Deep End (Book 15),4.7,"11,090"
7,10,3,Diary of a Wimpy Kid,9,9780141324920,https://m.media-amazon.com/images/I/51HP9Q+KuGL._AC_US218_..jpg,The Last Straw (Book 3),4.6,"11,063"
7,10,3,Diary of a Wimpy Kid,10,9780141348568,https://m.media-amazon.com/images/I/51XTFRLWCWL._AC_US218_..jpg,The Third Wheel (Book 7),4.6,"10,114"
7,10,7,Geronimo & Thea,1,9780545980258,https://m.media-amazon.com/images/I/51uIL7ehDZL._AC_US218_..jpg,The Kingdom Of Fantasy (Geronimo Stilton),4.7,"2,810"
7,10,7,Geronimo & Thea,2,9780545253079,https://m.media-amazon.com/images/I/51owSh7SNnL._AC_US218_..jpg,The Return To The Kingdom Of Fantasy (The Quest For Paradise),4.8,"1,811"
7,10,7,Geronimo & Thea,3,9789352759828,https://m.media-amazon.com/images/I/51fHUDgtUEL._AC_US218_..jpg,Geronimo Stilton And The Kingdom Of Fantasy #12: Island Of Dragons,4.8,"1,715"
7,10,7,Geronimo & Thea,4,9789390066872,https://m.media-amazon.com/images/I/51zUrcJ3uHL._AC_US218_..jpg,Geronimo Stilton And The Kingdom Of Fantasy #13:The Battle For Crystal Castle,4.8,"1,616"
7,10,7,Geronimo & Thea,5,9789351035497,https://m.media-amazon.com/images/I/51Y5pLGeFxL._AC_US218_..jpg,"Geronimo Stilton And The Kingdom Of Fantasy #7: The Enchanted Charms [Hardcover] [Jan 01, 2013] Geronimo Stilton",4.8,"1,545"
7,10,7,Geronimo & Thea,6,9780545307710,https://m.media-amazon.com/images/I/61fg6jkmskL._AC_US218_..jpg,The Amazing Voyage (Geronimo Stilton And The Kingdom Of Fantasy #3): The Third Adventure In The Kingdom Of Fantasy (3),4.8,"1,517"
7,10,7,Geronimo & Thea,7,9780545440202,https://m.media-amazon.com/images/I/51lXzwJz-0L._AC_US218_..jpg,The Journey to Atlantis (Thea Stilton: Special Edition #1): A Geronimo Stilton Adventure,4.7,1375
7,10,7,Geronimo & Thea,8,9789386106261,https://m.media-amazon.com/images/I/51z5T+6QMNL._AC_US218_..jpg,The Treasure of the Sea: A Geronimo Stilton Adventure,4.8,1375
7,10,7,Geronimo & Thea,9,9780545556248,https://m.media-amazon.com/images/I/51tD3u53HXL._AC_US218_..jpg,The Secret of the Fairies (Thea Stilton: Special Edition #2): A Geronimo Stilton Adventure,4.8,1076
7,10,7,Geronimo & Thea,10,9789352751198,https://m.media-amazon.com/images/I/51EenhaB9UL._AC_US218_..jpg,The Land of Flowers: A Geronimo Stilton Adventure (Thea Stilton: Special Edition #6) [Hardcover] GERONIMO STILTON,4.7,920
7,10,4,Indian Authors,2,9780143440055,https://m.media-amazon.com/images/I/71ygf-LciIS._AC_US218_..jpg,"Three Thousand Stitches: Ordinary People, Extraordinary Lives [Paperback] Murty, Sudha",4.5,"8,437"
7,10,4,Indian Authors,3,9780143333166,https://m.media-amazon.com/images/I/71NCu1g99eL._AC_US218_..jpg,"The Magic of the Lost Temple: Illustrated, easy to read and much-loved first full length children's fiction novel by Sudha Murty for ages 8-12: ... fiction novel by Sudha Murty for ages 8-12",4.5,"7,521"
7,10,4,Indian Authors,4,9780143062226,https://m.media-amazon.com/images/I/71LaJylkUvL._AC_US218_..jpg,Wise and Otherwise: A salute to Life [Paperback] Sudha Murty,4.5,"5,397"
7,10,4,Indian Authors,5,9780143451846,https://m.media-amazon.com/images/I/818mZjcEJ4L._AC_US218_..jpg,Grandparents' Bag of Stories [Paperback] Sudha Murty,4.5,"4,202"
7,10,4,Indian Authors,6,9780143333647,https://m.media-amazon.com/images/I/712uyI8CvsL._AC_US218_..jpg,How I Taught My Grandmother to Read: And Other Stories [Paperback] Sudha Murty,4.5,"4,025"
7,10,4,Indian Authors,7,9788129119841,https://m.media-amazon.com/images/I/51otS+W9UaL._AC_US218_..jpg,Angry River,4.5,"1,249"
7,10,4,Indian Authors,8,9788129137685,https://m.media-amazon.com/images/I/61Jk5GfyhHL._AC_US218_..jpg,My Favourite Nature Stories,4.5,"1,178"
7,10,4,Indian Authors,9,9788131948576,https://m.media-amazon.com/images/I/81w5rGx8RqL._AC_US218_..jpg,Ruskin Bond - The Blue Umbrella,4.5,"1,147"
7,10,4,Indian Authors,10,9780140116151,https://m.media-amazon.com/images/I/81APABLp4wS._AC_US218_..jpg,The Night Train at Deoli and Other Stories,4.5,"1,113"
7,10,8,Information & Learning,1,9780746070055,https://m.media-amazon.com/images/I/51JREbxzD+L._AC_US218_..jpg,Your Body,4.8,4875
7,10,8,Information & Learning,2,9780746098516,https://m.media-amazon.com/images/I/61cJabybAhL._AC_US218_..jpg,HOW THINGS WORK ,4.8,2574
7,10,8,Information & Learning,3,9780746084120,https://m.media-amazon.com/images/I/51bbiMz4gpL._AC_US218_..jpg,Ancient Egypt ,4.8,555
7,10,8,Information & Learning,4,9780746064467,https://m.media-amazon.com/images/I/61EiN3mDTIL._AC_US218_..jpg,Castles,4.8,440
7,10,8,Information & Learning,5,9780794513214,https://m.media-amazon.com/images/I/61KZzWPhDKL._AC_US218_..jpg,Ancient Rome,4.7,363
7,10,8,Information & Learning,6,9780746087596,https://m.media-amazon.com/images/I/510SD9yjtTL._AC_US218_..jpg,Space,4.7,304
7,10,8,Information & Learning,7,9780746077443,https://m.media-amazon.com/images/I/518fMnDaF8L._AC_US218_..jpg,Science,4.8,279
7,10,8,Information & Learning,8,9780746077535,https://m.media-amazon.com/images/I/61GxoBBjTiL._AC_US218_..jpg, London,4.7,271
7,10,8,Information & Learning,9,9780746096383,https://m.media-amazon.com/images/I/513JpIkY6sL._AC_US218_..jpg,Under the Sea ,4.8,249
7,10,8,Information & Learning,10,9780746071588,https://m.media-amazon.com/images/I/51uYbZSRrsL._AC_US218_..jpg,The World of Dinosaurs,4.7,218
7,10,6,Roald Dahl,1,9780141365466,https://m.media-amazon.com/images/I/81OFr5S6yqL._AC_US218_..jpg,Matilda,4.6,"13,314"
7,10,6,Roald Dahl,2,9780141365374,https://m.media-amazon.com/images/I/51Dysbkl4dL._AC_US218_..jpg,Charlie and the Chocolate Factory,4.6,"12,238"
7,10,6,Roald Dahl,3,9780141365428,https://m.media-amazon.com/images/I/71wA9f3hgVL._AC_US218_..jpg,The BFG,4.6,"7,653"
7,10,6,Roald Dahl,4,9780141365442,https://m.media-amazon.com/images/I/91IKbi+M8nL._AC_US218_..jpg,"Fantastic Mr Fox [Paperback] Dahl, Roald and Blake, Quentin",4.5,"6,387"
7,10,6,Roald Dahl,5,9780141365473,https://m.media-amazon.com/images/I/81f9mJsA80L._AC_US218_..jpg,The Witches,4.6,"6,002"
7,10,6,Roald Dahl,6,9780141365503,https://m.media-amazon.com/images/I/91MVcBwvqNL._AC_US218_..jpg,Roald Dahl,4.6,"5,963"
7,10,6,Roald Dahl,7,9780141365459,https://m.media-amazon.com/images/I/81+OXlhaH-L._AC_US218_..jpg,James and the Giant Peach,4.6,"5,767"
7,10,6,Roald Dahl,8,9780141365497,https://m.media-amazon.com/images/I/81su3hWNDFL._AC_US218_..jpg,The Twits,4.6,"5,727"
7,10,6,Roald Dahl,9,9780141365510,https://m.media-amazon.com/images/I/81bFpL5z9qL._AC_US218_..jpg,The Enormous Crocodile,4.6,"3,995"
7,10,6,Roald Dahl,10,9780141365381,https://m.media-amazon.com/images/I/91me8KbhgCL._AC_US218_..jpg,Charlie and the Great Glass Elevator,4.5,"3,803"
8,10,2,Bestseller - UK & USA,1,9781338535624,https://m.media-amazon.com/images/I/510zJtTY7oL._AC_US218_..jpg,Dog Man: Grime and Punishment: A Graphic Novel (Dog Man #9): From the Creator of Captain Underpants (9),4.9,"44,647"
8,10,2,Bestseller - UK & USA,2,9781338323214,https://m.media-amazon.com/images/I/51TnbzizBpL._AC_US218_..jpg,Dog Man: Fetch-22: From the Creator of Captain Underpants (Dog Man #8),4.9,"28,814"
8,10,2,Bestseller - UK & USA,3,9781338236590,https://m.media-amazon.com/images/I/51rd+cbTvdL._AC_US218_..jpg,Dog Man: For Whom the Ball Rolls: From the Creator of Captain Underpants (Dog Man #7),4.9,"24,289"
8,10,2,Bestseller - UK & USA,4,9781338680454,https://m.media-amazon.com/images/I/51C9ABhdI9L._AC_US218_..jpg,Dog Man: Mothering Heights: A Graphic Novel (Dog Man #10): From the Creator of Captain Underpants (10),4.9,"23,671"
8,10,2,Bestseller - UK & USA,5,9780356500843,https://m.media-amazon.com/images/I/51t9Y4zun9L._AC_US218_..jpg,Ender's Game,4.6,"22,591"
8,10,2,Bestseller - UK & USA,6,9780545581608,https://m.media-amazon.com/images/I/4187zfaI8nL._AC_US218_..jpg,Dog Man: From the Creator of Captain Underpants (Dog Man #1),4.8,"18,823"
8,10,2,Bestseller - UK & USA,7,9781338712766,https://m.media-amazon.com/images/I/51JGQyJrK7L._AC_US218_..jpg,Cat Kid Comic Club: A Graphic Novel (Cat Kid Comic Club #1): From the Creator of Dog Man,4.8,"18,248"
8,10,2,Bestseller - UK & USA,8,9780545935203,https://m.media-amazon.com/images/I/51A490Wdp9L._AC_US218_..jpg,Dog Man Unleashed: From the Creator of Captain Underpants (Dog Man #2),4.9,"18,134"
8,10,2,Bestseller - UK & USA,9,9780545935210,https://m.media-amazon.com/images/I/51G51ip9ONL._AC_US218_..jpg,Dog Man: A Tale of Two Kitties: From the Creator of Captain Underpants (Dog Man #3),4.9,"17,041"
8,10,2,Bestseller - UK & USA,10,9780956932303,https://m.media-amazon.com/images/I/51t8G2UWPqL._AC_US218_..jpg,The Secret Lake: A children's mystery adventure (Secret Lake Mystery Adventures),4.6,"16,040"
9,12,5,Rick Rordon,1,9780141329994,https://m.media-amazon.com/images/I/51C7LAZZJSL._AC_US218_..jpg,PERCY JACKSON AND THE LIGHTINING THIEF,4.6,"26,180"
9,12,5,Rick Rordon,2,9780141364094,https://m.media-amazon.com/images/I/51NWXfsHzZL._AC_US218_..jpg,The Tower of Nero (The Trials of Apollo Book 5),4.8,"16,892"
9,12,5,Rick Rordon,3,9781423160076,https://m.media-amazon.com/images/I/51DPEAEY7tL._AC_US218_..jpg,"Percy Jackson and the Olympians, Book Two: The Sea of Monste(Movie Tie-In Edition) (Percy Jackson & the Olympians)",4.7,"15,515"
9,12,5,Rick Rordon,4,9780141339245,https://m.media-amazon.com/images/I/51uUDqhVpcL._AC_US218_..jpg,"The Blood of Olympus (Heroes of Olympus Book 5) (Heroes of Olympus, 5)",4.7,"15,081"
9,12,5,Rick Rordon,5,9780141339207,https://m.media-amazon.com/images/I/519x8NRy49L._AC_US218_..jpg,"The House of Hades (Heroes of Olympus Book 4) (Heroes of Olympus, 4)",4.7,"14,934"
9,12,5,Rick Rordon,6,9780141346885,https://m.media-amazon.com/images/I/51tZ8kHDrVL._AC_US218_..jpg,Percy Jackson and the Last Olympian (Book 5) [Paperback] Rick Riordan,4.8,"14,818"
9,12,5,Rick Rordon,7,9781423101482,https://m.media-amazon.com/images/I/51sZJKZpQBL._AC_US218_..jpg,"The Titan's Curse (Percy Jackson and the Olympians, Book 3) (Percy Jackson & the Olympians, 3)",4.7,"14,561"
9,12,5,Rick Rordon,8,9780141346830,https://m.media-amazon.com/images/I/51NaN9pHXaL._AC_US218_..jpg,Percy Jackson and The Battle of the Labyrinth (Book 4) [Paperback] Rick Riordan,4.7,"13,992"
9,12,5,Rick Rordon,9,9780141335766,https://m.media-amazon.com/images/I/51M20H27cUL._AC_US218_..jpg,"The Mark of Athena (Heroes of Olympus Book 3) (Heroes of Olympus, 3)",4.7,"13,578"
9,12,5,Rick Rordon,10,9780141364056,https://m.media-amazon.com/images/I/51PY+L5zRsL._AC_US218_..jpg,The Tyrant's Tomb (The Trials of Apollo Book 4),4.7,"12,282"
9,11,1,Bestseller - New York Times,1,9780439136358,https://m.media-amazon.com/images/I/51-rbiAIiRL._AC_US218_..jpg,Harry Potter and the Prisoner of Azkaban (3),4.9,"51,581"
9,11,1,Bestseller - New York Times,2,9780241389324,https://m.media-amazon.com/images/I/51m29DumRUL._AC_US218_..jpg,DIARY OF A WIMPY KID: THE MELTDOWN (BOOK 13),4.8,"21,794"
9,11,1,Bestseller - New York Times,3,9780241562284,https://m.media-amazon.com/images/I/51DNZzk4TNL._AC_US218_..jpg,Diary Of A Wimpy Kid (Book 1),4.7,"18,115"
9,11,1,Bestseller - New York Times,4,9780062377012,https://m.media-amazon.com/images/I/51idhxVuQYL._AC_US218_..jpg,Pax,4.7,"10,399"
9,11,1,Bestseller - New York Times,5,9780062991317,https://m.media-amazon.com/images/I/41Y-2DtE0+L._AC_US218_..jpg,The One and Only Bob (One and Only Ivan),4.8,"10,252"
9,11,1,Bestseller - New York Times,6,9780375869020,https://m.media-amazon.com/images/I/41YjzRHO31L._AC_US218_..jpg,Wonder,4.8,"49,129"
9,11,1,Bestseller - New York Times,7,9780007458424,https://m.media-amazon.com/images/I/51N1VLZCuZL._AC_US218_..jpg,The Hobbit,4.8,"37,846"
9,11,1,Bestseller - New York Times,8,9780241389317,https://m.media-amazon.com/images/I/51j6mM+IlWL._AC_US218_..jpg,Diary of a Wimpy Kid: The Meltdown (book 13),4.8,"21,794"
9,11,1,Bestseller - New York Times,9,9780330439725,https://m.media-amazon.com/images/I/41pBN8vYy-L._AC_US218_..jpg,Hatchet,4.7,"19,705"
9,11,1,Bestseller - New York Times,10,9780141346816,https://m.media-amazon.com/images/I/51gmLhmCQLL._AC_US218_..jpg,Percy Jackson and the Titan's Curse (Book 3),4.8,"18,559"
12,14,1,Bestseller - New York Times,1,9780545663267,https://m.media-amazon.com/images/I/41KNsYsW0xL._AC_US218_..jpg,Mockingjay (The Hunger Games),4.6,"50,418"
12,14,1,Bestseller - New York Times,2,9780375899881,https://m.media-amazon.com/images/I/21eN+Xp5MrL._AC_US218_..jpg,Wonder,4.8,"49,129"
12,14,1,Bestseller - New York Times,3,9780141346809,https://m.media-amazon.com/images/I/51BE8yvYwtL._AC_US218_..jpg,Percy Jackson and the Lightning Thief,4.7,"33,378"
12,14,1,Bestseller - New York Times,4,9780141368887,https://m.media-amazon.com/images/I/41EtecRAzbL._AC_US218_..jpg,Outsiders,4.8,"32,153"
12,14,1,Bestseller - New York Times,5,9780141375632,https://m.media-amazon.com/images/I/41K4YyiZQ7L._AC_US218_..jpg,One Of Us Is Lying,4.6,"29,603"
12,14,1,Bestseller - New York Times,6,9780007341764,https://m.media-amazon.com/images/I/41zOyRV-gyL._AC_US218_..jpg,"The Giver - Essential Modern Classics [Paperback] [Jan 01, 2011] LOIS LOWRY",4.7,"27,741"
12,14,1,Bestseller - New York Times,7,9780008567125,https://m.media-amazon.com/images/I/412125v28VL._AC_US218_..jpg,Tolkien:The Fellowship of the Ring,4.8,"14,505"
12,14,1,Bestseller - New York Times,8,9780316243988,https://m.media-amazon.com/images/I/517b8+Ipn0L._AC_US218_..jpg,The Twilight Saga White Collection,4.8,"11,861"
12,14,1,Bestseller - New York Times,9,9780451526342,https://m.media-amazon.com/images/I/41NzDuSdIfL._AC_US218_..jpg,Animal Farm: 75th Anniversary Edition,4.7,"42,403"
12,14,1,Bestseller - New York Times,10,9780062498540,https://m.media-amazon.com/images/I/41VVZqX-UlL._AC_US218_..jpg,The Hate U Give: A Printz Honor Winner,4.8,"26,250"
11,14,2,Best Seller - UK,1,9781338635171,https://m.media-amazon.com/images/I/512fBEQomNL._AC_US218_..jpg,The Ballad of Songbirds and Snakes (A Hunger Games Novel),4.7,"52,527"
11,14,2,Best Seller - UK,2,9781408855669,https://m.media-amazon.com/images/I/51yzj3H34aL._AC_US218_..jpg,"Harry Potter and the Chamber of Secrets, Book 2",4.8,"50,934"
11,14,2,Best Seller - UK,3,9780545663267,https://m.media-amazon.com/images/I/41KNsYsW0xL._AC_US218_..jpg,Mockingjay (The Hunger Games),4.6,"50,418"
11,14,2,Best Seller - UK,4,9781408855683,https://m.media-amazon.com/images/I/518TIrLNpOL._AC_US218_..jpg,Harry Potter and the Goblet of Fire,4.9,"47,742"
11,14,2,Best Seller - UK,5,9780751565362,https://m.media-amazon.com/images/I/61WmeToq5kL._AC_US218_..jpg,Harry Potter and the Cursed Child - Parts One and Two: The Official Playscript of the Original West End Production [Paperback] J K ROWLING,4.3,"46,457"
11,14,2,Best Seller - UK,6,9781338216660,https://m.media-amazon.com/images/I/51UHmk-3S6L._AC_US218_..jpg,"Harry Potter and the Cursed Child, Parts One and Two: The Official Playscript of the Original West End Production: The Official Script Book of the Original West End Production",4.3,"46,457"
11,14,2,Best Seller - UK,7,9781368051477,https://m.media-amazon.com/images/I/51SGH1qTwmL._AC_US218_..jpg,"Percy Jackson and the Olympians, Book One The Lightning Thief (Percy Jackson & the Olympians, 1)",4.7,"33,377"
11,14,2,Best Seller - UK,8,9781250027436,https://m.media-amazon.com/images/I/51LCJlg5oFS._AC_US218_..jpg,"Shadow and Bone (The Shadow and Bone Trilogy, 1)",4.5,"30,945"
11,14,2,Best Seller - UK,9,9781405293181,https://m.media-amazon.com/images/I/51-FjxPRZnL._AC_US218_..jpg,A Good Girl's Guide to Murder (A Good Girl's Guide to Murder Book 1),4.6,"30,043"
11,14,2,Best Seller - UK,10,9780440237686,https://m.media-amazon.com/images/I/51fRar1PvAL._AC_US218_..jpg,The Giver (Giver Quartet),4.7,"27,741"
11,14,3,Best Seller - USA,1,9789351035961,https://m.media-amazon.com/images/I/51n4GJK-TGS._AC_US218_..jpg,"The Hunger Games Movie-Tie in-Edition [Paperback] [Nov 10, 2014] SUZANNE COLLINS",4.7,"54,669"
11,14,3,Best Seller - USA,2,9781419748684,https://m.media-amazon.com/images/I/51R4+SrZu6L._AC_US218_.,The Deep End (Diary of a Wimpy Kid Book 15),4.9,"45,317"
11,14,3,Best Seller - USA,3,9788172345198,https://m.media-amazon.com/images/I/41zswOGxk9S._AC_US218_..jpg,The Diary of a Young Girl,4.8,"34,727"
11,14,3,Best Seller - USA,4,9781405293181,https://m.media-amazon.com/images/I/51-FjxPRZnL._AC_US218_..jpg,A Good Girl's Guide to Murder (A Good Girl's Guide to Murder Book 1),4.6,"30,043"
11,14,3,Best Seller - USA,5,9781780622316,https://m.media-amazon.com/images/I/51mfUhlhbAS._AC_US218_..jpg,"Crooked Kingdom: Book 2 (Six of Crows) [Paperback] [May 04, 2017] Leigh Bardugo",4.7,"25,323"
11,14,3,Best Seller - USA,6,9781419749155,https://m.media-amazon.com/images/I/51U-z4zRa5L._AC_US218_..jpg,Big Shot Diary of a Wimpy Kid Book 16,4.9,"22,285"
11,14,3,Best Seller - USA,7,9781849921596,https://m.media-amazon.com/images/I/51TsTBTI6ZL._AC_US218_..jpg,The Curious Incident of the Dog in the Night,4.3,"21,912"
11,14,3,Best Seller - USA,8,9781848126473,https://m.media-amazon.com/images/I/51CmZgnxeXL._AC_US218_..jpg,Girl Who Drank The Moon,4.7,"20,818"
11,14,3,Best Seller - USA,9,9781616205676,https://m.media-amazon.com/images/I/51fMbVKlzNL._AC_US218_..jpg,The Girl Who Drank the Moon (Winner of the 2017 Newbery Medal),4.7,"20,818"
11,14,3,Best Seller - USA,10,9781492670025,https://m.media-amazon.com/images/I/51um9zycLwL._AC_US218_..jpg,The Complete Cookbook for Young Chefs: 100+ Recipes that You'll Love to Cook and Eat,4.8,"20,316"
9,12,7,Most Loved - JK Rowling,1,9781408855652,https://m.media-amazon.com/images/I/51PcUAhn15L._AC_US218_..jpg,Harry Potter and the Philosopher's Stone,4.7,"56,502"
9,12,7,Most Loved - JK Rowling,2,9781408855669,https://m.media-amazon.com/images/I/51yzj3H34aL._AC_US218_..jpg,Harry Potter and the Chamber of Secrets (Harry Potter 2),4.7,"43,245"
9,12,7,Most Loved - JK Rowling,7,9781408855713,https://m.media-amazon.com/images/I/51cWQIhRUTL._AC_US218_..jpg,Harry Potter and the Deathly Hallows,4.7,"38,142"
9,12,7,Most Loved - JK Rowling,3,9781408855676,https://m.media-amazon.com/images/I/51StPSSsneL._AC_US218_..jpg,Harry Potter and the Prisoner of Azkaban,4.7,"36,540"
9,12,7,Most Loved - JK Rowling,6,9781408855706,https://m.media-amazon.com/images/I/51XgBz54o3L._AC_US218_..jpg,Harry Potter and the Half Blood Prince,4.7,"35,030"
9,12,7,Most Loved - JK Rowling,4,9781408855683,https://m.media-amazon.com/images/I/518TIrLNpOL._AC_US218_..jpg,Harry Potter and the Goblet of Fire,4.7,"32,997"
9,12,7,Most Loved - JK Rowling,5,9781408855690,https://m.media-amazon.com/images/I/511+ftLvTUL._AC_US218_..jpg,Harry Potter and the Order of the Phoenix,4.7,"30,606"
11,12,8,Loved Mixed Series,1,9781529355550,https://m.media-amazon.com/images/I/31YKDNq2eBL._AC_US218_..jpg,CRAVE,4.4,"18,485"
11,12,8,Loved Mixed Series,2,9781529355581,https://m.media-amazon.com/images/I/41XJHXdLXdL._AC_US218_..jpg,CRUSH (Crave),4.6,"14,552"
11,12,8,Loved Mixed Series,3,9781682815816,https://m.media-amazon.com/images/I/41o5ehADQZL._AC_US218_..jpg,Covet (Crave Book 3),4.7,"12,634"
11,12,8,Loved Mixed Series,4,9781406355819,https://m.media-amazon.com/images/I/51l4XL5nKXL._AC_US218_..jpg,"The Mortal Instruments 6: City of Heavenly Fire [Paperback] Clare, Cassandra",4.7,"8,641"
11,12,8,Loved Mixed Series,5,9780552560252,https://m.media-amazon.com/images/I/51h+rL5091L._AC_US218_..jpg,Inheritance: Book Four (The Inheritance Cycle),4.7,"8,250"
11,12,8,Loved Mixed Series,6,9781649370600,https://m.media-amazon.com/images/I/41MxWF3ncwL._AC_US218_..jpg,Court (Crave Book 4),4.7,"8,094"
11,12,8,Loved Mixed Series,7,9789351039686,https://m.media-amazon.com/images/I/51PScrYJvUL._AC_US218_..jpg,The Maze Runner #02 Scorch Trials Movie Tie-in,4.6,"7,772"
11,12,8,Loved Mixed Series,8,9780141340135,https://m.media-amazon.com/images/I/412YyyFuNAL._AC_US218_..jpg,Cinder (The Lunar Chronicles Book 1),4.5,"7,323"
11,12,8,Loved Mixed Series,9,9781406362176,https://m.media-amazon.com/images/I/41yGkQ4ndTL._AC_US218_..jpg,CITY OF ASHES,4.6,"6,928"
11,12,8,Loved Mixed Series,10,9781910655917,https://m.media-amazon.com/images/I/51qBnGI8MgL._AC_US218_..jpg,The Maze Runner #3: The Death Cure Movie Tie-In (Maze Runner Series),4.5,"6,859"
11,12,9,Loved Mixed Series,1,9781526641168,https://m.media-amazon.com/images/I/51rl7Qq99bL._AC_US218_..jpg,A Court of Thorns and Roses,4.5,"73,271"
13,14,9,Loved Mixed Series,2,9781526632715,https://m.media-amazon.com/images/I/518wHki3SDL._AC_US218_..jpg,A Court of Silver Flames ,4.7,"71,004"
13,14,9,Loved Mixed Series,3,9781526641144,https://m.media-amazon.com/images/I/51VJFwPjhEL._AC_US218_..jpg,A Court of Mist and Fury,4.7,"62,495"
13,14,9,Loved Mixed Series,4,9781526641175,https://m.media-amazon.com/images/I/51XMiCEcV-L._AC_US218_..jpg,A Court of Wings and Ruin,4.7,"56,877"
13,14,9,Loved Mixed Series,5,9781526617187,https://m.media-amazon.com/images/I/51C3M96xj7L._AC_US218_..jpg,A Court of Frost and Starlight,4.4,"38,644"
13,14,9,Loved Mixed Series,6,9781250027436,https://m.media-amazon.com/images/I/51LCJlg5oFS._AC_US218_..jpg,"Shadow and Bone: 1 (The Shadow and Bone Trilogy, 1)",4.5,"29,005"
13,14,9,Loved Mixed Series,7,978316310314,https://m.media-amazon.com/images/I/51csFU6mTLL._AC_US218_..jpg,The Cruel Prince (The Folk of the Air),4.6,"23,458"
13,14,9,Loved Mixed Series,8,9781471409332,https://m.media-amazon.com/images/I/51z9RELfxIL._AC_US218_..jpg,The Queen of Nothing (The Folk of the Air #3),4.7,"21,916"
13,14,9,Loved Mixed Series,9,9781510105263,https://m.media-amazon.com/images/I/51y4FH56CAL._AC_US218_..jpg,Shadow and Bone: Siege and Storm: Book 2,4.4,"21,057"
13,14,9,Loved Mixed Series,10,9781510105256,https://m.media-amazon.com/images/I/51ZYraxUPQL._AC_US218_..jpg,RUIN AND RISING (B PB): THE GRISHA BOOK 3,4.5,"19,801"
7,10,10,Comic Stytle Writing,1,9781471172809,https://m.media-amazon.com/images/I/61HTQWNIN3L._AC_US218_..jpg,Dork Diaries: Spectacular Superstar: 14,4.8,"7,159"
7,10,10,Comic Stytle Writing,2,9781471144011,https://m.media-amazon.com/images/I/515rcIQLZhL._AC_US218_..jpg,Dork Diaries: 1,4.6,"6,396"
7,10,10,Comic Stytle Writing,3,9781471172779,https://m.media-amazon.com/images/I/51lB6jPqQ+L._AC_US218_..jpg,Dork Diaries: Birthday Drama!: 13,4.6,"5,048"
7,10,10,Comic Stytle Writing,4,9781471167775,https://m.media-amazon.com/images/I/51wuyWIcoQL._AC_US218_..jpg,Dork Diaries: Crush Catastrophe: 12,4.6,"4,306"
7,10,10,Comic Stytle Writing,5,9789389823394,https://m.media-amazon.com/images/I/41QTyezF9WL._AC_US218_..jpg,The Bad Guys Episode 11: Dawn of the Underlord,4.8,"6,985"
7,10,10,Comic Stytle Writing,6,9789389297317,https://m.media-amazon.com/images/I/51YQehFg1JL._AC_US218_..jpg,The Bad Guys Episode 10,4.9,"5,946"
7,10,10,Comic Stytle Writing,7,9789390189120,https://m.media-amazon.com/images/I/51Jukyu1OeL._AC_US218_..jpg,The Bad Guys #12: The One?!,4.9,"5,920"
7,10,10,Comic Stytle Writing,8,9789352757770,https://m.media-amazon.com/images/I/51wsJOPzm4L._AC_US218_..jpg,Bad Guys #09: The Big Bad Wolf,4.9,"5,286"
7,10,10,Comic Stytle Writing,9,9789352759934,https://m.media-amazon.com/images/I/61Z352eIZIL._AC_US218_..jpg,TOM GATES #17: SPECTACULAR SCHOOL TRIP (REALLY.),4.7,"3,434"
7,10,10,Comic Stytle Writing,10,9789351032991,https://m.media-amazon.com/images/I/61japRhK5OL._AC_US218_..jpg,Tom Gates #01: The Brilliant World of Tom Gates,4.5,"3,344"
