ISBN13,Tag
9781405292382,Characters
9781405292382,Sci Fi Books for Kids
9781405292382,Fantasy Books for Kids
9781405292382,Traditional
9781405292382,Funny Books for Kids
9781786702654,Activity Books
9780857074416,Storybooks
9780857074416,Children's Fiction
9780744588583,Picture Books
9780744588583,Activity Books
9780141386645,Picture Books
9780141386645,Storybooks
9780141386645,Adventure Books for Kids
9780141386645,Traditional
9780552561860,Picture Books
9780552561860,Storybooks
9780552561860,Sci Fi Books for Kids
9780552561860,Fantasy Books for Kids
9780552561860,Traditional
9780552561860,Funny Books for Kids
9780552575195,Storybooks
9780552575195,Adventure Books for Kids
9780552575195,Traditional
9781409580454,Storybooks
9781409580454,Children's Fiction
9781409580454,Traditional
9781785573996,Picture Books
9781447240204,Picture Books
9781447240204,Children's Fiction
9781447240204,Sci Fi Books for Kids
9781447240204,Animal Stories
9781447210856,Storybooks
9781447210856,Poetry Books for Kids
9781447210856,Children's Fiction
9781447210856,Sci Fi Books for Kids
9781447210856,Animal Stories
9780340997130,Picture Books
9780340997130,Activity Books
9780340997130,Children's Fiction
9781848798823,Rhyming & Wordplay
9781848798823,Poetry Books for Kids
9781785984310,Storybooks
9781785984310,Children's Fiction
9781780653297,Storybooks
9781780653297,Children's Fiction
9781780656199,Storybooks
9781780656199,Children's Fiction
9781846162992,Picture Books
9781846162992,Storybooks
9781846162992,Children's Fiction
9781846162992,Children's General Story Books
9781846162992,Traditional
9781846162992,Ballet & Dance
9781481435857,Children's Fiction
9781481435857,Children's General Story Books
9781481435857,Funny Books for Kids
9781405217880,Storybooks
9781405217880,Children's Fiction
9781405217880,Animal Stories
9780603574245,Picture Books
9780603574245,Children's Fiction
9780603574245,Children's General Story Books
9780603574245,Funny Books for Kids
9781405288828,Characters
9781405288828,Children's Fiction
9781405288828,Classic Books for Children
9781405288828,Children's General Story Books
9781405288828,Funny Books for Kids
9780141382418,Storybooks
9780141382418,Children's Fiction
9780747541936,Picture Books
9780747541936,Children's Fiction
9780747541936,Children's General Story Books
9780747541936,Animal Stories
9780749717780,Picture Books
9780749717780,Children's General Story Books
9781407115597,Characters
9781407115597,Storybooks
9781407115597,Activity Books
9781407115597,Rhyming & Wordplay
9781407115597,Children's Fiction
9781407115597,Adventure Books for Kids
9781407115597,Animal Stories
9781407115597,Funny Books for Kids
9781407115597,School Stories
9781409536963,Storybooks
9781409536963,Children's Fiction
9781409536963,True Stories for Children
9780744598612,Storybooks
9780744598612,Family
9781407115566,Characters
9781407115566,Storybooks
9781407115566,Activity Books
9781407115566,Rhyming & Wordplay
9781407115566,Children's Fiction
9781407115566,Adventure Books for Kids
9781407115566,Animal Stories
9781407115566,Funny Books for Kids
9781407115566,School Stories
9781407124377,Characters
9781407124377,Storybooks
9781407124377,Rhyming & Wordplay
9781407124377,Children's Fiction
9781407124377,Adventure Books for Kids
9781407124377,Animal Stories
9781407124377,Funny Books for Kids
9780745945040,Bible Stories
9780241255162,Child & Developmental Psychology
9780241255162,States Of Consciousness
9780241255162,Sleep & Dreams
9780241255162,Picture Books
9780241255162,Storybooks
9780241255162,Children's Fiction
9780241255162,Animal Stories
9781910851203,Storybooks
9781910851203,Children's Fiction
9780007119714,Picture Books
9780007119714,Children's Fiction
9780007119714,Animal Stories
9780007119714,Funny Books for Kids
9780007236336,Picture Books
9780007236336,Characters
9780007236336,Children's Fiction
9780007236336,Children's General Story Books
9780007236336,Family
9780007236336,Animal Stories
9780141501765,Picture Books
9780141501765,Children's Fiction
9780141501765,Classic Books for Children
9780141501765,Animal Stories
9780723269830,Characters
9780723269830,Early Learning
9780723269830,Children's Fiction
9781407109275,Characters
9781407109275,Storybooks
9781407109275,Activity Books
9781407109275,Rhyming & Wordplay
9781407109275,Children's Fiction
9781407109275,Adventure Books for Kids
9781407109275,Animal Stories
9781407109275,Funny Books for Kids
9780333710937,Picture Books
9780333710937,Children's Fiction
9780333710937,Children's General Story Books
9780333710937,Funny Books for Kids
9780007347056,Baby Books
9780007347056,Characters
9780007347056,Storybooks
9780007347056,Children's Fiction
9780007347056,Classic Books for Children
9780007347056,Children's General Story Books
9780007347056,Family
9780007347056,Animal Stories
9780007347056,Funny Books for Kids
9780007171286,Characters
9780007171286,Storybooks
9780007171286,Children's Fiction
9780007171286,Classic Books for Children
9780007171286,Family
9780007171286,Animal Stories
9780007171286,Funny Books for Kids
9780007586776,Picture Books
9780007586776,Storybooks
9780007586776,Children's Fiction
9780007586776,Family
9780007586776,Animal Stories
9781405034692,Baby Books
9781405034692,Storybooks
9781405034692,Poetry Books for Kids
9781405034692,Children's Fiction
9781405034692,Adventure Books for Kids
9781405034692,Animal Stories
9781444902631,Storybooks
9781444902631,Children's Fiction
9781444902631,Animal Stories
9781845063795,Storybooks
9780747550785,Picture Books
9780747550785,Animal Stories
9780141333748,Picture Books
9780141333748,Characters
9780141333748,Children's Fiction
9781408828007,Picture Books
9781408828007,Storybooks
9781408828007,Animal Stories
9781408828007,Funny Books for Kids
9781444937329,Storybooks
9781444937329,Animal Stories
9781444937329,Funny Books for Kids
9780333493595,Picture Books
9780333493595,Animal Stories
9781788436038,Picture Books
9781406304589,Storybooks
9781406304589,Children's Fiction
9781406304589,Children's General Story Books
9781406304589,Animal Stories
9781406304589,Funny Books for Kids
9781408849828,Picture Books
9781408849828,Storybooks
9781408849828,Rhyming & Wordplay
9781408849828,Children's Fiction
9781408849828,Children's General Story Books
9781408849828,Animal Stories
9781408849828,Funny Books for Kids
9781408849828,Transportation Books for Children
9780333633397,Pop-Up Books
9780333633397,Science
9781405225502,Pop-Up Books
9781405225502,Animal Stories
9781408312513,Picture Books
9781408312513,Storybooks
9781408312513,Poetry Books for Kids
9781408312513,Children's Fiction
9781408312513,Children's General Story Books
9781408312513,Sci Fi Books for Kids
9781408312513,Space
9781846168840,Characters
9781846168840,Storybooks
9781846168840,Children's Fiction
9781846168840,Family
9781406300390,"Dating, Relationships, Living Together & Marriage"
9781406300390,Picture & Activity Books
9781406300390,Baby Books
9781406300390,Children's Fiction
9781406300390,Children's General Story Books
9781406300390,Family
9781406300390,Animal Stories
9781408330036,Storybooks
9781408330036,Time & Seasons
9781408330036,Children's Fiction
9781406329988,Picture Books
9781406329988,Storybooks
9781406329988,Animal Stories
9781406329988,Funny Books for Kids
9780141332888,Storybooks
9780141332888,Rhyming & Wordplay
9780141332888,Verse
9780141332888,Poetry Books for Kids
9780230743083,Picture Books
9780230743083,Storybooks
9780230743083,Poetry Books for Kids
9780230743083,Children's Fiction
9780230743083,Adventure Books for Kids
9780230743083,Animal Stories
9780230743083,Funny Books for Kids
9780230743083,Art
9780230743083,Dinosaurs
9780007140091,Picture Books
9780007140091,Children's Fiction
9780399165337,Children's Fiction
9780399165337,Children's General Story Books
9780399165337,Romance Books for Teenagers
9780399165337,Self-Esteem
9780399165337,Relationships
9780670886241,Baby Books
9780670886241,Activity Books
9780670886241,Novelty Books
9780670886241,Children's General Story Books
9780670886241,Traditional
9780670886241,People & Places
9780140569322,Picture Books
9780140569322,Characters
9780140569322,Activity Books
9780140569322,Novelty Books
9780140569322,Numbers & Counting
9780140569322,Time & Seasons
9780140569322,Classic Books for Children
9780140569322,Animal Stories
9781406300741,Picture Books
9781406300741,Storybooks
9781406300741,Family
9781406300741,Animal Stories
9781406300741,Funny Books for Kids
9781405090223,Picture Books
9781405090223,Animal Stories
9780307176073,Children's Fiction
9780307176073,Children's General Story Books
9780099408390,Picture Books
9780099408390,Activity Books
9780099408390,Children's Fiction
9780099408390,Classic Books for Children
9780099408390,Adventure Books for Kids
9780099408390,Horror & Ghost
9780099408390,Sci Fi Books for Kids
9780099408390,Fantasy Books for Kids
9780744596977,Picture Books
9780744596977,Baby Books
9780744596977,Children's Fiction
9780744586602,Children's General Story Books
9780571365609,Picture Books
9780571365609,Storybooks
9780571365609,Rhyming & Wordplay
9780571365609,Children's Fiction
9780571365609,Romance Books for Teenagers
9780571365609,Family
9780571365609,Animal Stories
9781849560993,Picture & Activity Books
9781849560993,Picture Books
9781408311257,Picture Books
9781408311257,Storybooks
9781408311257,Children's Fiction
9781408311257,Funny Books for Kids
9781408331705,Storybooks
9781408331705,Children's Fiction
9781408331705,Romance Books for Teenagers
9781408331705,Family
9781789056549,Storybooks
9781787008571,Storybooks
9781787008571,Family
9781787008571,Animal Stories
9781442406629,Characters
9781442406629,Children's Fiction
9781442406629,Funny Books for Kids
9781783931620,Storybooks
9781788000864,Storybooks
9781788000864,Children's Fiction
9781788000864,Non-Fiction
9781788000864,Society & Social Issues
9781840113723,Picture Books
9780230015838,Picture Books
9780230015838,Storybooks
9780230015838,Poetry Books for Kids
9780230015838,Animal Stories
9781849563048,Storybooks
9781849563048,Children's Fiction
9781509827466,Storybooks
9781509827466,Time & Seasons
9781509827466,Poetry Books for Kids
9781509827466,Children's Fiction
9781509827466,Funny Books for Kids
9781406357707,Children's Fiction
9781783938094,Storybooks
9780744575521,Picture Books
9780744575521,Children's General Story Books
9781910851012,Storybooks
9780007155156,Picture Books
9780007155156,Characters
9780007155156,Time & Seasons
9780007155156,Children's Fiction
9780007155156,Children's General Story Books
9780007155156,Animal Stories
9780141382098,Characters
9780141382098,Storybooks
9780007120178,Picture Books
9780007120178,Children's Fiction
9780007120178,Animal Stories
9780007120178,Funny Books for Kids
9781407166902,Travel & Holiday Guides
9781407166902,Characters
9781407166902,Storybooks
9781407166902,Rhyming & Wordplay
9781407166902,Children's Fiction
9781407166902,Adventure Books for Kids
9781407166902,Funny Books for Kids
9781841215839,Picture Books
9781841215839,Storybooks
9781841215839,Family
9781841215839,Funny Books for Kids
9780007494002,Storybooks
9780007494002,Children's General Story Books
9780007494002,Adventure Books for Kids
9780007494002,Sci Fi Books for Kids
9780007494002,Animal Stories
9780007494002,Funny Books for Kids
9780230703810,Picture Books
9780230703810,Storybooks
9780230703810,Classic Books for Children
9780230703810,Animal Stories
9780340877890,Picture Books
9780340877890,Early Learning
9781840118605,Picture Books
9781840118605,Storybooks
9781840118605,Children's Fiction
9780857631671,Storybooks
9780857631671,Children's Fiction
9780857631671,Animal Stories
9781782951780,Picture Books
9781782951780,Storybooks
9781782951780,Animal Stories
9781782951780,Funny Books for Kids
9781782951780,Historical
9781782951780,Nonfiction History Books for Kids
9781782951780,Dinosaurs
9780141501321,Contemporary Fiction
9780141501321,Characters
9780141501321,Storybooks
9780141501321,Adventure Books for Kids
9780141501321,Animal Stories
9780723296287,Picture Books
9780723296287,Storybooks
9780723296287,Activity Books
9780723296287,Poetry Books for Kids
9780723296287,Children's Fiction
9780955581106,Storybooks
9780340779163,Picture Books
9780340779163,Activity Books
9780340779163,Pop-Up Books
9780340779163,Traditional
9781405091008,Storybooks
9781849937801,Activity Books
9781849937801,Colouring & Painting Books
9781789055153,Characters
9781789055153,Storybooks
9781789055153,Children's Fiction
9781789055153,Classic Books for Children
9781789055153,Adventure Books for Kids
9781784403065,Activity Books
9781445464800,Characters
9781445464800,Children's Fiction
9781472331496,Storybooks
9781472331496,Children's Fiction
9781474832885,Characters
9781474832885,Children's Fiction
9781474832885,Adventure Books for Kids
9781474832885,Animal Stories
9781781866382,Characters
9781781866382,Children's Fiction
9781405462945,Classic Books for Children
9781405462945,Animal Stories
9781405470872,Classic Books for Children
9781405470872,Traditional
9781445487762,Characters
9781474827850,Storybooks
9781472327499,Storybooks
9781472327499,Children's Fiction
9781472327499,Sci Fi Books for Kids
9781407163413,TV Tie-in Humour
9781407163413,Children's Fiction
9781407163413,Children's General Story Books
9781407163413,Adventure Books for Kids
9781407163413,Funny Books for Kids
9781407163413,Television & Film
9781407163413,Cartoons
9781407162614,Children's Fiction
9781407162614,Children's General Story Books
9781407162614,Adventure Books for Kids
9781407162614,Fantasy Books for Kids
9781407162614,Funny Books for Kids
9781407162614,Television & Film
9781409343981,English Language: Reading Schemes
9781910114513,Characters
9781407561387,Storybooks
9781407561387,Children's Fiction
9780007318018,Characters
9780007318018,Children's Fiction
9781472391025,Storybooks
9781781865798,Storybooks
9781781865798,Children's Fiction
9781474868518,Characters
9781474868518,Children's Fiction
9781474868518,Traditional
9781407589152,Characters
9781407589152,Storybooks
9781407589152,Children's Fiction
9781445409955,Characters
9781445409955,Children's Fiction
9781474812399,Storybooks
9781445481555,Characters
9781445481555,Storybooks
9781445481555,Children's Fiction
9781407583884,Characters
9781407583884,Children's Fiction
9781445422480,Characters
9781445422480,Storybooks
9781445422480,Traditional
9781472349446,Picture Books
9781472349446,Characters
9781472349446,Children's Fiction
9781472349446,Animal Stories
9781405347426,"Films, Cinema"
9781405347426,"Films, Cinema"
9781405347426,Television & Film
9780001982611,Characters
9780001982611,Activity Books
9780001982611,Children's Fiction
9780001982611,Children's General Story Books
9781472381996,Characters
9781405275552,Children's Fiction
9781406319354,Baby Books
9781406319354,Children's Fiction
9781406319354,Family
9780744567847,Children's General Story Books
9781846432750,Family & Relationships
9781846432750,Baby Books
9781846432750,Family
9781846432750,Siblings
9780859537285,Baby Books
9780859537285,Activity Books
9780859537285,Novelty Books
9780859537285,Early Learning
9780859537285,Rhyming & Wordplay
9780859537285,Verse
9780859537285,Adventure Books for Kids
9780859537285,Musical Story & Educational Books For Kids
9781741826609,Baby Books
9781741826609,Novelty Books
9780241422274,Children's Fiction
9780241422274,Animal Stories
9780241422274,Natural History Books for Children
9781848693685,Sound & Musical Books
9780857347077,Baby Books
9780857347077,Early Learning
9781784404321,Writing & Editing Guides
9781784404321,Baby Books
9781784404321,Activity Books
9781406380903,Storybooks
9781406380903,Rhyming & Wordplay
9781406380903,Verse
9781406380903,Children's Fiction
9781406380903,Family
9781406380903,Animal Stories
9781783432615,Touch & Feel Books
9781785577000,Novelty Books
9781785577017,Activity Books
9781845616779,Baby Books
9781845616779,Children's Fiction
9781846460326,Baby Books
9780746086544,Picture Books
9780746086544,General Study Books
9780862644949,Baby Books
9780862644949,Early Learning
9780862644949,Time & Seasons
9780862644949,Children's Fiction
9780862644949,Children's General Story Books
9780862644949,Animal Stories
9781855969278,Colours
9781409312079,Picture Books
9781409312079,Characters
9781409312079,Children's Fiction
9781409312079,Television & Film
9781405906739,Characters
9781405906739,Early Learning
9781405906739,Children's Fiction
9781405906739,Sci Fi Books for Kids
9781405907750,Baby Books
9781405907750,Characters
9781405907750,Early Learning
9781405907750,Children's Fiction
9781405907750,Sci Fi Books for Kids
9781405904148,Baby Books
9781405904148,Characters
9781405904148,Children's Fiction
9781405908191,Characters
9781405908191,Children's Fiction
9781405903912,Baby Books
9781405903912,Characters
9781405903912,Children's Fiction
9780723295914,Characters
9780723295914,Activity Books
9780723295914,Pop-Up Books
9780723295914,Animal Stories
9780241206133,Characters
9781859858929,Activity Books
9781859858929,Pop-Up Books
9781859858929,Bible Stories
9781859858929,Religious Studies
9780723263586,Picture Books
9780723263586,Characters
9780723263586,Activity Books
9780723263586,Pop-Up Books
9780723263586,Children's Fiction
9780723263586,Animal Stories
9780723264644,Novelty Books
9780723264644,Children's Fiction
9781447282785,Baby Books
9781447282785,Activity Books
9781447282785,Novelty Books
9781447282785,Size & Shape
9781447282785,The Senses
9781447282785,Animal Stories
9781409307228,Early Learning
9781409307228,Children's Fiction
9780333781395,Pop-Up Books
9781447251811,Baby Books
9781447251811,Activity Books
9781447251811,Poetry Books for Kids
9781447251811,Children's Fiction
9781447251811,Family
9781406339086,Baby Books
9781406339086,Touch & Feel Books
9781406339086,Children's Fiction
9781406339086,Animal Stories
9780857633484,Activity Books
9780857633484,Pop-Up Books
9780857633484,Early Learning
9780857633484,Children's Fiction
9781447209959,Baby Books
9781447209959,Storybooks
9781447209959,Numbers & Counting
9781447209959,Children's Fiction
9781447209959,Children's General Story Books
9781447209959,Adventure Books for Kids
9781447209959,Animal Stories
9781848695818,Activity Books
9781848695818,Novelty Books
9781848695818,Colours
9781860249396,Early Learning
9781509870325,Baby Books
9781509870325,Activity Books
9781509870325,Pop-Up Books
9781509870325,Children's Fiction
9781509870325,Classic Books for Children
9781509870325,Animal Stories
9781846465819,Picture & Activity Books
9781846465819,Activity Books
9781406358780,Characters
9781406358780,Storybooks
9781406358780,Children's Fiction
9781406358780,Classic Books for Children
9781406358780,Family
9781509835669,Picture Books
9781509835669,Characters
9781509835669,Storybooks
9781509835669,Poetry Books for Kids
9781509835669,Animal Stories
9781509835669,Funny Books for Kids
9781509835669,Dinosaurs
9781509835652,Characters
9781509835652,Storybooks
9781509835652,Poetry Books for Kids
9781509835652,Animal Stories
9781509835652,Funny Books for Kids
9781509835652,Dinosaurs
9781406319262,Baby Books
9781406319262,Characters
9781406319262,Children's Fiction
9781406319262,Classic Books for Children
9781406319262,Family
9781406381573,Baby Books
9781406381573,Children's Fiction
9781406381573,Animal Stories
9781474865784,First Experiences
9780723263654,Characters
9780723263654,Activity Books
9780723263654,Pop-Up Books
9780723263654,First Experiences
9780723263654,Children's Fiction
9780723263654,Animal Stories
9781406331264,Storybooks
9781406331264,Early Learning
9781406331264,Numbers & Counting
9781406331264,Family
9780241303795,Baby Books
9780241303795,Characters
9780241303795,Activity Books
9780241303795,Children's General Story Books
9780241303795,Family
9780241303795,Animal Stories
9781407139630,Funny Books & Stories
9781407139630,Characters
9781407139630,Storybooks
9781407139630,Children's Fiction
9781407139630,Adventure Books for Kids
9781407139630,Family
9781407139630,Animal Stories
9781407139630,Funny Books for Kids
9780241137857,Children's Literature Studies: General
9780241137857,Baby Books
9780241137857,Characters
9780241137857,Activity Books
9780241137857,Early Learning
9780241137857,Children's General Story Books
9780141381138,Baby Books
9780141381138,Characters
9780141381138,Storybooks
9780141381138,Animal Stories
9780805047905,Picture Books
9780241327050,Picture Books
9780241327050,Characters
9780241327050,Activity Books
9780241327050,First Experiences
9780241327050,Animal Stories
9780241327050,Sports Stories
9780241327050,Football / Soccer (Children's/YA)
9780723263272,Characters
9780723263272,Activity Books
9780723263272,Pop-Up Books
9780723263272,Children's Fiction
9780723263197,Characters
9780723263197,Children's Fiction
9781407171593,Funny Books & Stories
9781407171593,Characters
9781407171593,Storybooks
9781407171593,Children's Fiction
9781407171593,Adventure Books for Kids
9781407171593,Family
9781407171593,Animal Stories
9781407171593,Funny Books for Kids
9781909090637,Activity Books
9781909090637,Pop-Up Books
9781447273431,Storybooks
9781447273431,Activity Books
9781447273431,Pop-Up Books
9781447273431,Poetry Books for Kids
9781447273431,Children's Fiction
9781447273431,Classic Books for Children
9781447273431,Animal Stories
9781447273431,Sports Stories
9781447273431,Farm Animals
9781405053105,Picture Books
9781405053105,Storybooks
9781405053105,Activity Books
9781405053105,Poetry Books for Kids
9781405053105,Children's Fiction
9781405053105,Adventure Books for Kids
9781405053105,Animal Stories
9781405297851,Characters
9781405297851,Storybooks
9781405297851,Activity Books
9781405297851,People & Places
9781405297851,Transportation Books for Children
9781910851227,Activity Books
9781910851227,Pop-Up Books
9781409308577,Activity Books
9781409308577,Novelty Books
9781474933841,Activity Books
9781474933841,Pop-Up Books
9781474933841,Wildlife
9781509832637,Physical Geography & Topography
9781509832637,Activity Books
9781509832637,Novelty Books
9781509832637,Early Learning
9781509832637,Animal Stories
9781509832637,Natural History Books for Children
9781509832637,Dinosaurs
9780230753129,Baby Books
9780230753129,Activity Books
9780230753129,Pop-Up Books
9780230753129,Poetry Books for Kids
9780230753129,Animal Stories
9780230753099,Baby Books
9780230753099,Activity Books
9780230753099,Pop-Up Books
9780230753099,Early Learning
9780230753099,Poetry Books for Kids
9780230753099,Animal Stories
9781447273424,Storybooks
9781447273424,Activity Books
9781447273424,Pop-Up Books
9781447273424,Numbers & Counting
9781447273424,Poetry Books for Kids
9781447273424,Children's Fiction
9781447273424,Classic Books for Children
9781447273424,Animal Stories
9780230753112,Baby Books
9780230753112,Activity Books
9780230753112,Pop-Up Books
9780230753112,Early Learning
9780230753112,Poetry Books for Kids
9780230753112,Animal Stories
9781447273417,Storybooks
9781447273417,Activity Books
9781447273417,Pop-Up Books
9781447273417,Early Learning
9781447273417,Poetry Books for Kids
9781447273417,Children's Fiction
9781447273417,Classic Books for Children
9781447273417,Animal Stories
9780230753105,Baby Books
9780230753105,Activity Books
9780230753105,Pop-Up Books
9780230753105,Poetry Books for Kids
9780230753105,Animal Stories
9781843650959,Picture Books
9781843650959,Activity Books
9781843650959,Novelty Books
9781843650959,Animal Stories
9781843650959,Funny Books for Kids
9781857074291,Children's General Story Books
9781449418762,Activity Books
9781449418762,Children's Fiction
9781449418762,Children's General Story Books
9781449418762,Nonfiction History Books for Kids
9781449418762,People & Places
9781449418762,History Books for Kids
9781848772656,Picture Books
9781848772656,Activity Books
9781848772656,Novelty Books
9781447285502,Monsters & Legendary Beings
9781447285502,Baby Books
9781447285502,Storybooks
9781447285502,Poetry Books for Kids
9781447285502,Children's Fiction
9781447285502,Sci Fi Books for Kids
9781447285502,Fantasy Books for Kids
9781447285502,Animal Stories
9781405229791,Novelty Books
9781471163746,Storybooks
9781471163746,Children's Fiction
9781405283342,Storybooks
9781405283342,Children's Fiction
9781405283342,Animal Stories
9781405283342,Funny Books for Kids
9780333965689,Baby Books
9780333965689,Characters
9780333965689,Poetry Books for Kids
9780333965689,Classic Books for Children
9780333965689,Fantasy Books for Kids
9780333965689,Animal Stories
9780230760219,Baby Books
9780230760219,Storybooks
9780230760219,Novelty Books
9780230760219,Rhyming & Wordplay
9780230760219,Animal Stories
9780230757370,Baby Books
9780230757370,Storybooks
9780230757370,Poetry Books for Kids
9780230757370,Mystery Books for Kids
9780230757370,Animal Stories
9780230757370,Funny Books for Kids
9781788002516,Storybooks
9781788002516,First Experiences
9781788002516,Children's Fiction
9781788002516,Animal Stories
9780008159757,Characters
9780008159757,Storybooks
9780008159757,Children's Fiction
9780008159757,Classic Books for Children
9780008159757,Adventure Books for Kids
9780008159757,Animal Stories
9780008159757,Funny Books for Kids
9781407139326,Characters
9781407139326,Storybooks
9781407139326,Rhyming & Wordplay
9781407139326,Children's Fiction
9781407139326,Adventure Books for Kids
9781407139326,Animal Stories
9781407139326,Funny Books for Kids
9780857072252,Characters
9780857072252,Children's Fiction
9781471122149,Storybooks
9781471122149,Children's Fiction
9781405051286,Picture Books
9781405051286,Poetry Books for Kids
9781405051286,Children's Fiction
9781405051286,Animal Stories
9781409304876,Characters
9781409304876,Children's Fiction
9781409304876,Animal Stories
9780241244999,Characters
9780241244999,Storybooks
9780241244999,Children's Fiction
9780241411827,Characters
9780241411827,Children's Fiction
9780241411827,Animal Stories
9780241411827,Farm Animals
9781409304616,Characters
9781409304616,Children's Fiction
9781409309062,Early Learning
9780241210963,Characters
9780241210963,Children's Fiction
9780241210963,Animal Stories
9781409306146,Picture Books
9781409306146,Characters
9781409306146,Animal Stories
9780723271710,Baby Books
9780723271710,Characters
9780723271710,Family
9780723271710,Animal Stories
9780723271710,Funny Books for Kids
9780723271710,Television & Film
9780723271710,Natural History Books for Children
9780718197193,Characters
9780718197193,Children's Fiction
9780723271307,Baby Books
9780723271307,Characters
9780723271307,Children's Fiction
9780723271307,Animal Stories
9781848171015,Sound & Musical Books
9781848171015,Early Learning
9781786705358,Activity Books
9781786705358,Sound & Musical Books
9781785570704,Writing & Editing Guides
9781785570704,Activity Books
9781785570704,Novelty Books
9781785570704,Sound & Musical Books
9781405241984,Picture Books
9781405241984,Characters
9781405241984,Sound & Musical Books
9781785577734,Graphic Novels: Literary & Memoirs
9781785577734,Graphic Novels: Literary & Memoirs
9781785577734,Activity Books
9780857809711,Graphic Novels: Literary & Memoirs
9780857809711,Graphic Novels: Literary & Memoirs
9780857809711,Activity Books
9781839035296,Baby Books
9781839035296,Activity Books
9781839035296,Sound & Musical Books
9781839035296,Early Learning
9781839035296,Verse
9781839035296,Children's Fiction
9781786706607,Activity Books
9781839039027,Baby Books
9781839039027,Activity Books
9781839039027,Sound & Musical Books
9781839039027,Early Learning
9781839039027,Verse
9781839039027,Children's Fiction
9781786706591,Activity Books
9781786703101,Sound & Musical Books
9781785577659,Baby Books
9781409302193,Characters
9781409302193,Activity Books
9781409302193,Novelty Books
9781409302193,Early Learning
9781409302193,First Experiences
9781409302209,Characters
9781409302209,Activity Books
9781409302209,Novelty Books
9781409302209,Early Learning
9781409302209,First Experiences
9781409302209,Adventure Books for Kids
9789351032175,Graphic Novels
9780545340977,Adventure Books for Kids
9780545340977,Mystery Books for Kids
9780545340977,Animal Stories
9780545340977,Funny Books for Kids
9780545340977,People & Places
9780545340977,English Language: Reading Schemes
9789351030164,Graphic Novels
9789351033721,Children's General Story Books
9780439841191,Teaching Resources & Education
9780439841191,Teaching Resources & Education
9780439841191,Children's General Story Books
9780439841191,Adventure Books for Kids
9780439841191,Animal Stories
9780439841191,Funny Books for Kids
9780439841191,English Language: Reading Schemes
9780439559652,Children's General Story Books
9780439559652,Adventure Books for Kids
9780439559652,Horror & Ghost
9780439559652,Animal Stories
9780439559652,Funny Books for Kids
9780439559652,English Language: Reading Schemes
9780545481915,Children's Fiction
9780545481915,Children's General Story Books
9780545481915,Adventure Books for Kids
9780545481915,Animal Stories
9780545481915,Funny Books for Kids
9780545481915,English Language: Reading Schemes
9780439559737,Children's Fiction
9780439559737,Children's General Story Books
9780439559737,Adventure Books for Kids
9780439559737,Animal Stories
9780439559737,Funny Books for Kids
9780439559737,English Language: Reading Schemes
9780545103718,Adventure Books for Kids
9780545103718,Animal Stories
9780545103718,Funny Books for Kids
9780545103718,English Language: Reading Schemes
9780545481946,Children's Fiction
9780545481946,Adventure Books for Kids
9780545481946,Funny Books for Kids
9780545481946,English Language: Reading Schemes
9780545393515,Adventure Books for Kids
9780545393515,Sci Fi Books for Kids
9780545393515,Fantasy Books for Kids
9780545393515,Animal Stories
9780545393515,Funny Books for Kids
9780545253079,Adventure Books for Kids
9780545253079,Sci Fi Books for Kids
9780545253079,Fantasy Books for Kids
9780545253079,Animal Stories
9780545253079,Funny Books for Kids
9780439661621,Teaching Resources & Education
9780439661621,Teaching Resources & Education
9780439661621,Adventure Books for Kids
9780439661621,Mystery Books for Kids
9780439661621,Horror & Ghost
9780439661621,Animal Stories
9780439661621,Funny Books for Kids
9780439661621,English Language: Reading Schemes
9789351039525,Adventure Books for Kids
9789351039525,Sci Fi Books for Kids
9780439559638,Children's General Story Books
9780439559638,Adventure Books for Kids
9780439559638,Mystery Books for Kids
9780439559638,Animal Stories
9780439559638,Funny Books for Kids
9780439559638,English Language: Reading Schemes
9780545393492,Adventure Books for Kids
9780545393492,Mystery Books for Kids
9780545393492,Horror & Ghost
9780545393492,Animal Stories
9780545393492,Funny Books for Kids
9781597071918,Graphic Novels
9781597073486,Graphic Novels
9781597072397,Children's General Story Books
9781597072397,Animal Stories
9781597072397,Graphic Novels
9789351033103,Animal Stories
9780545103671,Adventure Books for Kids
9780545103671,Mystery Books for Kids
9780545103671,Animal Stories
9780545103671,Funny Books for Kids
9780545103671,English Language: Reading Schemes
9780545341059,Children's Fiction
9780545341059,Children's General Story Books
9780545341059,Adventure Books for Kids
9780545341059,Mystery Books for Kids
9780545341059,Animal Stories
9780545341059,Funny Books for Kids
9780545341059,English Language: Reading Schemes
9780545227728,Adventure Books for Kids
9780545227728,Mystery Books for Kids
9780545227728,Family
9780545227728,Animal Stories
9780545227728,Funny Books for Kids
9780545227728,English Language: Reading Schemes
9780545150613,Children's Fiction
9780545150613,Children's General Story Books
9780545150613,Adventure Books for Kids
9780545150613,Mystery Books for Kids
9780545150613,Family
9780545150613,Animal Stories
9780545150613,English Language: Reading Schemes
9781406335842,Children's Fiction
9781406335842,Children's General Story Books
9780744593624,Children's General Story Books
9781406335866,Children's Fiction
9781406335866,Family
9781406335866,Funny Books for Kids
9781406335866,School Stories
9781406335866,English Language: Reading Schemes
9781406302165,Children's Fiction
9781406302165,Children's General Story Books
9781406302158,Children's General Story Books
9781406302301,Children's General Story Books
9781406335880,Children's Fiction
9781406335880,Children's General Story Books
9781406335880,Family
9781406335880,Funny Books for Kids
9781406335880,School Stories
9781406335880,English Language: Reading Schemes
9789351032991,Funny Books for Kids
9781407124414,Funny Books & Stories
9781407124414,Children's Fiction
9781407124414,Children's General Story Books
9781407124414,Funny Books for Kids
9780439049962,Children's Fiction
9780439049962,Adventure Books for Kids
9780439049962,Funny Books for Kids
9780439049962,English Language: Reading Schemes
9780439049986,Children's Fiction
9780439049986,Children's General Story Books
9780439049986,Adventure Books for Kids
9780439049986,Funny Books for Kids
9780439049986,English Language: Reading Schemes
9780439950435,Contemporary Fiction
9780439950435,Children's General Story Books
9780439014571,Children's General Story Books
9780439014571,Adventure Books for Kids
9780439014571,Mystery Books for Kids
9780439014571,Funny Books for Kids
9780439014571,School Stories
9780439014571,Cartoons
9780439014571,English Language: Reading Schemes
9780439995443,Contemporary Fiction
9780439995443,Children's General Story Books
9780439995443,Adventure Books for Kids
9780439995443,Mystery Books for Kids
9780439995443,Funny Books for Kids
9780439995443,School Stories
9780439995443,Cartoons
9780439977722,Contemporary Fiction
9780439977722,Adventure Books for Kids
9780439977722,Mystery Books for Kids
9780439977722,Sci Fi Books for Kids
9780439977722,Funny Books for Kids
9780439977722,School Stories
9780439977722,Cartoons
9780439951340,Children's General Story Books
9781407132747,Adventure Books for Kids
9781407132747,Funny Books for Kids
9781407132747,School Stories
9781407132747,English Language: Reading Schemes
9781407134673,Children's Fiction
9781407134673,Adventure Books for Kids
9781407134673,Funny Books for Kids
9781407134673,School Stories
9780545027274,Adventure Books for Kids
9780545027274,Funny Books for Kids
9780545027274,School Stories
9780545027274,Jokes & Humour
9780141357027,Children's Fiction
9780141357027,Children's General Story Books
9780141357027,Funny Books for Kids
9780141357027,School Stories
9780141357027,Cartoons
9780141331010,Activity Books
9780141331010,Children's General Story Books
9780141331010,Drama
9780141331010,English Language: Reading Schemes
9780141331010,Children's Stationery
9780141331980,Children's General Story Books
9780141331980,Funny Books for Kids
9780141350677,Children's Fiction
9780141350677,Children's General Story Books
9780141341880,Children's Fiction
9780141354217,Children's General Story Books
9780141354217,Funny Books for Kids
9780141354217,School Stories
9780141324913,Graphic Novel & Manga Artwork
9780141324913,Children's General Story Books
9780141324913,Family
9780141324913,Funny Books for Kids
9780141324913,School Stories
9780141324913,Graphic Novels
9780141324913,Cartoons
9780141365091,Graphic Novel & Manga Artwork
9780141365091,Children's General Story Books
9780141365091,Funny Books for Kids
9780141365091,School Stories
9780141365091,Cartoons
9780141373010,Children's General Story Books
9780141373010,Family
9780141373010,Funny Books for Kids
9780141373010,School Stories
9780141373010,Cartoons
9781849158374,Early Learning
9781857141221,Activity Books
9781857141221,Pop-Up Books
9781857141221,Wildlife
9781857141221,Science
9781857141221,Sciences
9781857141221,Technology
9781781978115,Children's Hobby & Gaming Books
9781781978115,Encyclopaedias
9781781978115,General Reference
9781781978115,Children's Health Books
9781909090859,Activity Books
9781909090859,Pop-Up Books
9781909090859,Early Learning
9781842505496,Activity Books
9781842505496,Pop-Up Books
9781840880793,Numbers & Counting
9781840880793,Children's General Story Books
9780746053089,First Words
9780746053089,English Language: Reading Schemes
9781405481779,First Words
9781474945585,Baby Books
9781474945585,Activity Books
9781474945585,Pop-Up Books
9781474945585,Children's Fiction
9781861473912,Activity Books
9781861473912,Pop-Up Books
9781861473912,Early Learning
9781861473912,Natural History Books for Children
9781861473912,Wildlife
9780746097793,Teaching Resources & Education
9780746097793,Teaching Resources & Education
9780746097793,Numbers & Counting
9780746041017,Baby Books
9780746041017,Early Learning
9780746041017,Transportation Books for Children
9781846167843,Baby Books
9781846167843,Characters
9781846167843,Early Learning
9781846167843,First Words
9781846167843,Children's Fiction
9780862644956,Baby Books
9780862644956,Early Learning
9780862644956,Children's Fiction
9780862644956,Children's General Story Books
9780862644956,Animal Stories
9780747575368,Picture Books
9780745965581,Baby Books
9780745965581,Religion & Beliefs
9780745965581,Children's Christian Books
9780603570490,Characters
9781444903959,Picture Books
9781444903959,Baby Books
9781444903959,Characters
9781444903959,Storybooks
9781444903959,Classic Books for Children
9781444903959,Animal Stories
9780230747753,Picture Books
9780230747753,Activity Books
9780230747753,Numbers & Counting
9780230747753,Animal Stories
9780230747753,Farm Animals
9781447287896,Picture Books
9781447287896,Storybooks
9781447287896,Poetry Books for Kids
9781447287896,Children's Fiction
9781447287896,Animal Stories
9781447267072,Jigsaw Books
9781447267072,Numbers & Counting
9781447282525,ABC
9780230753167,Characters
9780230753167,Early Learning
9781786707710,ABC
9781786707710,First Words
9781786707710,Dictionaries for Kids
9781786707710,Picture Dictionaries
9780746067031,Baby Books
9780746067031,First Words
9781910764541,Activity Books
9781910764541,Pop-Up Books
9780007935277,Children's General Story Books
9780007935192,Children's General Story Books
9781406319477,Baby Books
9781406319477,Early Learning
9781406319477,Children's Fiction
9781406319477,Children's General Story Books
9781406319477,Family
9780857809674,Activity Books
9780857630780,Baby Books
9780857630780,Storybooks
9780857630780,Children's Fiction
9780857630780,Animal Stories
9781783446322,Picture Books
9781783446322,Storybooks
9781783446322,Early Learning
9781783446322,Children's Fiction
9781783446322,Family
9781783446322,Funny Books for Kids
9781338163001,Children's Fiction
9781338163001,Children's General Story Books
9781338163001,Animal Stories
9781338163001,English Language: Reading Schemes
9781509842742,Activity Books
9781509842742,Novelty Books
9781509842742,First Experiences
9781509842742,Poetry Books for Kids
9781509842742,Children's Fiction
9781509842742,Animal Stories
9780230713109,Activity Books
9780230713109,Novelty Books
9780230713109,Children's Fiction
9780230713109,English Language: Reading Schemes
9781782448914,Activity Books
9781782448914,Time & Seasons
9781405053112,Poetry Books for Kids
9781405053112,Children's General Story Books
9781405053112,Funny Books for Kids
