For ages,No of pages,Language,Dimensions,Publisher,Publication date,ISBN10,ISBN13,Bestsellers rank,Publication City/Country,Edition Statement,Edition,Imprint,Illustrations note
Not known,32 pages,English,229 x 249 x 3mm | 157g,Egmont UK Ltd,28 Jun 2018,1405292385,9781405292382,"2,112,412","London, United Kingdom",Not known,Not available,Egmont Books Ltd,COLOUR ILLUSTRATIONS
Not known,24 pages,Not known,231 x 231 x 17mm | 415g,Bonnier Books Ltd,01 Oct 2016,1786702657,9781786702654,Not available,"Sywell, United Kingdom",Not known,Not available,Igloo Books Ltd,cased cover
0-5,32 pages,English,240 x 240 x 3mm | 175g,Simon & Schuster Ltd,27 Sep 2012,0857074415,9780857074416,"71,174","London, United Kingdom",UK ed.,Not available,Simon & Schuster Childrens Books,Full colour
0-5,32 pages,Not known,Not known,Walker Books Ltd,01 Nov 2003,0744588588,9780744588583,Not available,"London, United Kingdom",Not known,Not available,Not available,full-colour illustrations
Not known,32 pages,English,290 x 240 x 3mm | 232g,Penguin Random House Children's UK,14 Jun 2018,0141386649,9780141386645,"105,142","London, United Kingdom",Not known,Not available,Puffin,Not available
0-5,32 pages,English,240 x 289 x 4mm | 218g,Penguin Random House Children's UK,01 Oct 2014,055256186X,9780552561860,"57,713","London, United Kingdom",Not known,Not available,Picture Corgi,chiefly col. Illustrations
0-5,32 pages,English,291 x 240 x 4mm | 218g,Penguin Random House Children's UK,09 Mar 2017,0552575194,9780552575195,"69,029","London, United Kingdom",Not known,Not available,Picture Corgi,Not available
0-5,24 pages,English,250 x 251 x 3mm | 150g,Usborne Publishing Ltd,13 Jun 2014,Not known,9781409580454,"425,092","London, United Kingdom",Not known,Not available,Not available,Full colour throughout
0-5,24 pages,English,250 x 250 x 3mm | 161g,Bonnier Books Ltd,01 Nov 2015,1785573993,9781785573996,Not available,"Sywell, United Kingdom",Not known,Not available,Igloo Books Ltd,cover
0-5,32 pages,English,250 x 250 x 5mm | 247g,Pan Macmillan,20 Mar 2015,1447240200,9781447240204,"41,757","London, United Kingdom",Illustrated edition,Illustrated,Macmillan Children's Books,w. numerous col. ill.
0-5,32 pages,English,251 x 251 x 5mm | 250g,Pan Macmillan,28 Mar 2013,1447210859,9781447210856,"2,247","London, United Kingdom",Illustrated edition,Illustrated,Macmillan Children's Books,chiefly col. Illustrations
Not known,32 pages,English,256 x 258 x 12mm | 522g,Hachette Children's Group,06 Aug 2009,0340997133,9780340997130,"733,190","London, United Kingdom",Not known,Not available,Hodder Children's Books,four-colour
Not known,32 pages,English,261 x 264 x 4mm | 220g,Make Believe Ideas,01 Mar 2013,1848798822,9781848798823,"127,572","Berhamsted, United Kingdom",Not known,Not available,Not available,illustrations
0-5,32 pages,English,260 x 265 x 5mm | 218g,Make Believe Ideas,01 Aug 2016,1785984314,9781785984310,"758,905","Herts, United Kingdom",Not known,Not available,Not available,Not available
0-5,32 pages,English,258 x 264 x 5mm | 220g,Make Believe Ideas,01 Jan 2013,1780653298,9781780653297,"313,250","Berhamsted, United Kingdom",Not known,Not available,Not available,chiefly Illustrations; chiefly Illustrations
0-5,32 pages,English,258 x 265 x 4mm | 220g,Make Believe Ideas,01 Jan 2013,178065619X,9781780656199,"308,710","Berhamsted, United Kingdom",Not known,Not available,Not available,chiefly Illustrations
Not known,32 pages,English,225 x 317 x 5mm | 222g,Hachette Children's Group,02 Oct 2008,1846162998,9781846162992,"14,791","London, United Kingdom",UK ed.,Not available,Orchard Books,Full colour
3-5,32 pages,English,256 x 203 x 5mm | 91g,Simon Spotlight,28 Jul 2015,148143585X,9781481435857,"389,375",Not known,Not known,Not available,Not available,"Illustrations, unspecified"
0-5,32 pages,English,216 x 270 x 4mm | 184g,Egmont UK Ltd,01 May 2008,140521788X,9781405217880,"88,085","London, United Kingdom",New edition,New edition,Egmont Books Ltd,colour illustrations
Not known,32 pages,Not known,"1 x 1 x 1mm | 1,000g",Egmont UK Ltd,29 Sep 2017,0603574246,9780603574245,Not available,"London, United Kingdom",Not known,Not available,Dean & Son,Not available
Not known,32 pages,Not known,"1 x 1 x 1mm | 1,000g",Egmont UK Ltd,17 Aug 2015,0603571913,9780603571916,Not available,"London, United Kingdom",Not known,Not available,Dean & Son,Not available
Not known,32 pages,English,250 x 230 x 4mm | 154g,Egmont UK Ltd,10 Mar 2018,Not known,9781405288828,"312,915","London, United Kingdom",Not known,Not available,Egmont Books Ltd,w. num. col. ills.
Not known,32 pages,Not known,219 x 245 x 8mm | 314g,Penguin Random House Children's UK,07 Sep 2006,0141382414,9780141382418,"1,611,517",United Kingdom,Not known,Not available,Puffin,Not available
0-5,32 pages,English,274 x 245 x 4mm | 175g,Bloomsbury Publishing PLC,25 May 2010,0747541930,9780747541936,"31,501","London, United Kingdom",Not known,Not available,Not available,colour and b&w illustrations
12-17,32 pages,Not known,203 x 250mm | 164g,Egmont UK Ltd,14 Nov 1994,0749717785,9780749717780,Not available,"London, United Kingdom",Not known,Not available,Mammoth,colour illustrations
0-5,32 pages,English,251 x 281 x 7mm | 221g,Scholastic,09 Jun 2015,1407115596,9781407115597,551,"London, United Kingdom",Not known,Not available,Alison Green Books,chiefly col. Illustrations
0-5,24 pages,English,250 x 250 x 4mm | 160g,Usborne Publishing Ltd,01 Oct 2011,Not known,9781409536963,"493,846","London, United Kingdom",Not known,Not available,Not available,Not available
Not known,Not known,Not known,Not known,Not known,Not known,Not known,Not known,Not available,Not known,Not known,Not available,Not available,Not available
0-5,32 pages,Not known,250 x 270 x 4mm | 206g,Walker Books Ltd,03 Apr 2006,0744598613,9780744598612,"768,663","London, United Kingdom",New ed.,Not available,Not available,colour illustrations
0-5,32 pages,English,258 x 288 x 11mm | 530g,SCHOLASTIC,06 Sep 2010,1407115561,9781407115566,"4,919","London, United Kingdom",Trade Paperback,Not available,Alison Green Books,w. numerous col. ills.
0-5,32 pages,English,255 x 289 x 12mm | 560g,Scholastic,01 Sep 2011,Not known,9781407124377,"4,497","London, United Kingdom",Not known,Not available,Alison Green Books,chiefly col. Illustrations
6-8,32 pages,English,227 x 250 x 6.35mm | 372g,SPCK Publishing,01 Sep 2001,074594504X,9780745945040,Not available,United Kingdom,American ed,Not available,Lion Children's Books,illustrations
0-5,32 pages,English,215 x 260 x 4mm | 179g,Penguin Random House Children's UK,02 Oct 2015,Not known,9780241255162,"16,514","London, United Kingdom",ed,Not available,Ladybird,w. numerous col. ill.
Not known,Not known,Not known,Not known,Not known,Not known,Not known,Not known,Not available,Not known,Not known,Not available,Not available,Not available
0-5,32 pages,English,260 x 265 x 7mm | 274g,Fourth Wall Publishing,29 Aug 2016,1910851205,9781910851203,"47,508","Neston, United Kingdom",Not known,Not available,Not available,Colour
0-5,32 pages,English,259 x 265 x 2mm | 220g,HarperCollins Publishers,26 Jan 2021,0007119712,9780007119714,"83,416","London, United Kingdom",UK ed.,New edition,HarperCollins Children's Books,illustrations
0-5,32 pages,English,259 x 265 x 2mm | 216g,HarperCollins Publishers,27 Mar 2012,0007236336,9780007236336,"8,438","London, United Kingdom",Rev. ed.,Not available,HarperCollins,32 colour illustrations
6-12,32 pages,English,181 x 251 x 2mm | 154g,Penguin Random House Children's UK,16 Jun 2011,0141501766,9780141501765,"19,303",United Kingdom,Not known,Not available,Puffin,colour throughout
0-5,32 pages,Not known,216 x 261mm,Penguin Books Ltd,03 Sep 2012,0723269831,9780723269830,Not available,"London, United Kingdom",Not known,Not available,Frederick Warne Publishers Ltd,Not available
2+,32 pages,English,209 x 269 x 5mm | 180g,Scholastic,06 Sep 2010,Not known,9781407109275,852,"London, United Kingdom",Not known,Not available,Alison Green Books,chiefly col. Illustrations
0-5,32 pages,English,217 x 270 x 4mm | 156g,Pan Macmillan,01 Jul 2000,0333710932,9780333710937,176,"London, United Kingdom",Reprints,Illustrated,Macmillan Children's Books,colour illustrations
Not known,Not known,Not known,7 x 215 x 269mm | 150g,Not known,01 Jan 1900,Not known,9780330532495,Not available,Not known,Not known,Not available,Not available,Not available
0-5,32 pages,English,220 x 280 x 2mm | 200g,HarperCollins Publishers,20 Sep 2016,0007347057,9780007347056,"70,735","London, United Kingdom",50th anniversary edition,Special edition,HARPERCOLLINS,chiefly col. Illustrations
0-5,32 pages,English,220 x 280 x 3mm | 180g,HarperCollins Publishers,06 Jun 2005,0007171285,9780007171286,"72,917","London, United Kingdom",New edition,New edition,HarperCollins,Col.ill.
0-5,32 pages,English,220 x 280 x 2mm | 190g,HarperCollins Publishers,18 Jun 2015,0007586779,9780007586776,"70,517","London, United Kingdom",UK ed.,Not available,HarperCollins,Not available
0-5,32 pages,English,226 x 277 x 15mm | 354g,Pan Macmillan,02 Sep 2005,Not known,9781405034692,"90,052","London, United Kingdom",Illustrated edition,Illustrated,MACMILLAN CHILDREN'S BOOKS,32 colour illustrations
Not known,Not known,Not known,Not known,PAN MACMILLAN CHILDRENS,01 Oct 2011,Not known,9781447202745,Not available,Not known,Not known,Not available,Not available,Not available
0-5,32 pages,English,258 x 266 x 4mm | 220g,Hachette Children's Group,04 Sep 2012,1444902636,9781444902631,"33,563","London, United Kingdom",Not known,Not available,Hodder Children's Books,Full Colour
Not known,32 pages,Not known,260 x 280 x 10mm | 508g,Little Tiger Press Group,04 Sep 2006,1845063791,9781845063795,"2,088,487","London, United Kingdom",Not known,Not available,Little Tiger Press,full colour illustrations
0-5,32 pages,English,237 x 300 x 3mm | 230g,Bloomsbury Publishing PLC,06 Aug 2001,0747550786,9780747550785,"1,941,169","London, United Kingdom",New edition,New edition,Not available,Not available
0-5,32 pages,English,216 x 238 x 3mm | 138g,Penguin Random House Children's UK,16 Jun 2011,Not known,9780141333748,"48,136","London, United Kingdom",Not known,Not available,Puffin,chiefly col. Illustrations
0-5,32 pages,English,216 x 241 x 12mm | 374g,Bloomsbury Publishing PLC,14 Feb 2013,Not known,9781408828007,"51,898","London, United Kingdom",Not known,Not available,Bloomsbury Childrens Books,chiefly col. Illustrations
Not known,32 pages,English,250 x 250 x 11mm | 397g,Hachette Children's Group,02 Jul 2019,1444937324,9781444937329,"29,509","London, United Kingdom",Not known,Not available,Hodder Children's Books,full colour throughout
Not known,32 pages,Not known,212 x 264 x 9mm | 300g,Pan MacMillan,22 Sep 1995,0333493591,9780333493595,Not available,"London, United Kingdom",New edition,New edition,MACMILLAN CHILDREN'S BOOKS,colour illustrations
Not known,32 pages,English,260 x 265 x 4mm | 204g,Make Believe Ideas,01 Jan 2019,1788436032,9781788436038,"680,955","Herts, United Kingdom",Not known,Not available,Not available,Not available
0-5,40 pages,English,245 x 270 x 10mm | 253g,Walker Books Ltd,01 Jan 2007,Not known,9781406304589,"62,431","London, United Kingdom",New ed,Not available,Not available,colour illustrations
0-5,32 pages,English,245 x 274 x 7mm | 190g,Bloomsbury Publishing PLC,09 Apr 2015,1408849828,9781408849828,"47,943","London, United Kingdom",Not known,Not available,Bloomsbury Childrens Books,Not available
0-5,32 pages,English,210 x 270 x 10mm | 273g,Pan MacMillan,03 Nov 2006,0333633393,9780333633397,"208,218","London, United Kingdom",Illustrated edition,Illustrated,MACMILLAN CHILDREN'S BOOKS,Not available
Not known,Not known,Not known,Not known,Not known,Not known,Not known,Not known,Not available,Not known,Not known,Not available,Not available,Not available
0-5,24 pages,English,216 x 270 x 5mm | 288g,Egmont UK Ltd,01 Nov 2008,1405225505,9781405225502,"297,754","London, United Kingdom",Not known,Not available,Egmont Books Ltd,"colour illustrations, full colour illustrations"
0-5,32 pages,English,249 x 272 x 3mm | 179g,Hachette Children's Group,06 Sep 2012,1408312514,9781408312513,"21,663","London, United Kingdom",UK ed.,Not available,ORCHARD BOOKS,chiefly colour illustrations
0-5,32 pages,English,251 x 274 x 6mm | 242g,Hachette Children's Group,03 Sep 2015,1846168848,9781846168840,"29,223","London, United Kingdom",UK ed.,Not available,ORCHARD BOOKS,colour illustrations
Not known,32 pages,English,252 x 278 x 10mm | 464g,Walker Books Ltd,05 Nov 2007,140630039X,9781406300390,"215,422","London, United Kingdom",Not known,Not available,Not available,Not available
0-5,40 pages,English,208 x 278 x 6mm | 213g,Hachette Children's Group,17 Apr 2014,Not known,9781408330036,"47,543","London, United Kingdom",Not known,Not available,Orchard Books,w. col. ill.
0-5,32 pages,English,248 x 225 x 5mm | 200g,Walker Books Ltd,01 Mar 2011,1406329983,9781406329988,"484,219","London, United Kingdom",Not known,Not available,Not available,chiefly col. Illustrations
0-5,32 pages,English,242 x 292 x 9mm | 520g,Penguin Random House Children's UK,29 Aug 2013,Not known,9780141332888,"97,192","London, United Kingdom",Not known,Not available,Puffin,w. numerous col. ills.
0-5,32 pages,English,243 x 308 x 10mm | 501g,Pan Macmillan,23 Sep 2010,Not known,9780230743083,"35,217","London, United Kingdom",Illustrated edition,Illustrated,Macmillan Children's Books,32 colour illustrations
0-5,32 pages,English,226 x 312 x 4mm | 213g,HarperCollins Publishers,15 Oct 2005,0007140096,9780007140091,Not available,"London, United Kingdom",Not known,Not available,HarperCollins,With numerous col. ill.
3-5,32 pages,English,243 x 313 x 9mm | 505g,Random House USA Inc,19 Nov 2013,0399165339,9780399165337,"62,985","New York, United States",Not known,Not available,Not available,FULL-COLOR ILLUSTRATIONS
0-5,48 pages,English,202 x 266 x 10mm | 456g,Penguin Random House Children's UK,16 Jun 2011,Not known,9780670886241,"1,867","London, United Kingdom",Reissued ed.,Not available,Puffin,colour illustrations
Not known,Not known,Not known,Not known,Not known,Not known,Not known,Not known,Not available,Not known,Not known,Not available,Not available,Not available
0-5,28 pages,English,212 x 297 x 4mm | 163g,Penguin Random House Children's UK,28 Nov 2002,Not known,9780140569322,"17,014","London, United Kingdom",Repr.,Not available,Puffin,w. num. col. figs.
12-17,40 pages,English,215 x 260 x 4mm | 171g,Walker Books Ltd,27 Jul 2011,Not known,9781406300741,"65,995","London, United Kingdom",Not known,Not available,Not available,chiefly col. Illustrations
Not known,Not known,Not known,Not known,Not known,Not known,Not known,Not known,Not available,Not known,Not known,Not available,Not available,Not available
0-5,32 pages,English,216 x 216 x 5mm | 132g,PAN MACMILLAN,05 Jan 2007,Not known,9781405090223,"29,732","London, United Kingdom",Illustrated edition,Illustrated,MACMILLAN CHILDREN'S BOOKS,32 colour illustrations
Not known,Not known,Not known,Not known,Not known,Not known,Not known,Not known,Not available,Not known,Not known,Not available,Not available,Not available
3-5,18 pages,English,23 x 280 x 6.35mm | 430.91g,"Golden Books Publishing Company, Inc.",15 May 1994,030717607X,9780307176073,Not available,"New York, United States",Not known,Not available,Not available,Col.ill.
0-5,48 pages,English,230 x 255 x 230mm | 244g,Penguin Random House Children's UK,11 May 2001,Not known,9780099408390,"1,520","London, United Kingdom",Not known,Not available,Red Fox,Full colour; Full colour
0-5,24 pages,English,235 x 267 x 15mm | 674g,Walker Books Ltd,01 Mar 2004,0744596971,9780744596977,Not available,"London, United Kingdom",New edition,New edition,Not available,illustrations
6-8,32 pages,English,238 x 267 x 9mm | 386g,Walker Books Ltd,04 Oct 2004,0744586607,9780744586602,"698,673","London, United Kingdom",Not known,Not available,Not available,w. numerous col. ill.
Not known,32 pages,English,252 x 252 x 6mm | 210g,Faber & Faber,25 Jun 2020,0571365604,9780571365609,"63,401","London, United Kingdom",Main,Not available,Not available,Not available
0-5,32 pages,English,254 x 254 x 12mm | 230g,Imagine That Publishing Ltd,01 Jun 2010,1849560994,9781849560993,"858,243",United Kingdom,Not known,Not available,Top That! Publishing Ltd,Not available
0-5,32 pages,English,182 x 276 x 3mm | 212g,Hachette Children's Group,05 May 2011,1408311259,9781408311257,"129,206","London, United Kingdom",UK ed.,Not available,Orchard Books,Full colour
0-5,32 pages,English,248 x 248 x 2mm | 180g,Hachette Children's Group,12 Jan 2017,1408331705,9781408331705,"47,724","London, United Kingdom",Not known,Not available,Orchard Books,Not available
Not known,24 pages,Not known,250 x 250mm,Bonnier Books Ltd,01 Jan 2019,1789056543,9781789056549,Not available,"Sywell, United Kingdom",Not known,Not available,Igloo Books Ltd,cover
Not known,Not known,Not known,Not known,Not known,Not known,Not known,Not known,Not available,Not known,Not known,Not available,Not available,Not available
Not known,32 pages,English,254 x 254 x 4mm | 154g,Imagine That Publishing Ltd,15 Sep 2021,1787008576,9781787008571,"31,486",United Kingdom,Not known,Not available,Not available,Not available
6-8,24 pages,English,249 x 257 x 17mm | 694g,Simon Spotlight,05 Oct 2010,1442406623,9781442406629,"1,135,889","New York, NY, United States",Repackage ed.,Not available,Not available,"Illustrations, unspecified"
Not known,Not known,Not known,Not known,Not known,Not known,Not known,Not known,Not available,Not known,Not known,Not available,Not available,Not available
0-5,32 pages,English,260 x 265 x 5mm | 172g,Make Believe Ideas,01 May 2014,1783931620,9781783931620,Not available,"Herts, United Kingdom",Not known,Not available,Not available,Not available
Not known,Not known,Not known,Not known,Not known,Not known,Not known,Not known,Not available,Not known,Not known,Not available,Not available,Not available
Not known,32 pages,English,227 x 227 x 20mm | 460g,Nosy Crow Ltd,04 Oct 2018,Not known,9781788000864,"96,999","London, United Kingdom",Not known,Not available,Not available,chiefly col. Illustrations
Not known,32 pages,Not known,230 x 230mm,Templar Publishing,01 Apr 2006,1840113723,9781840113723,"3,298,743","London, United Kingdom",Not known,Not available,Not available,Not available
0-5,32 pages,English,251 x 251 x 4mm | 183g,Pan Macmillan,22 Feb 2008,Not known,9780230015838,"19,650","London, United Kingdom",Illustrated edition,Illustrated,Macmillan,32 colour illustrations
0-5,32 pages,English,254 x 254 x 9mm | 210g,Imagine That Publishing Ltd,01 Apr 2011,1849563047,9781849563048,"439,036",United Kingdom,Not known,Not available,Not available,chiefly col. Illustrations
Not known,32 pages,English,260 x 259 x 5mm | 198g,Pan Macmillan,18 Oct 2018,Not known,9781509827466,"260,693","London, United Kingdom",Main Market Ed.,Not available,MACMILLAN CHILDREN'S BOOKS,Not available
Not known,,Not known,Not known,Walker Books Ltd,27 Feb 2014,1406357707,9781406357707,Not available,"London, United Kingdom",Not known,Not available,Not available,Not available
0-5,32 pages,English,260 x 265 x 4mm | 210g,Make Believe Ideas,01 Oct 2015,1783938099,9781783938094,"3,287,825","Herts, United Kingdom",Not known,Not available,Not available,Not available
0-5,25 pages,Not known,Not known,Walker Books Ltd,03 Sep 2001,0744575524,9780744575521,Not available,"London, United Kingdom",Not known,Not available,Not available,colour illustrations
Not known,Not known,Not known,Not known,Not known,Not known,Not known,Not known,Not available,Not known,Not known,Not available,Not available,Not available
Not known,Not known,Not known,Not known,Not known,Not known,Not known,Not known,Not available,Not known,Not known,Not available,Not available,Not available
0-5,32 pages,English,260 x 265 x 8mm | 272g,Fourth Wall Publishing,10 Sep 2015,1910851019,9781910851012,"1,270,304","Neston, United Kingdom",Not known,Not available,Not available,Fully illustrated throughout
0-5,32 pages,English,259 x 265 x 2mm | 270g,HarperCollins Publishers,01 Oct 2003,0007155158,9780007155156,"72,575","London, United Kingdom",Revised ed.,New edition,HarperCollins Children's Books,colour illustrations
0-5,32 pages,Not known,221 x 267 x 10mm | 360g,Penguin Random House Children's UK,07 Aug 2008,0141382090,9780141382098,"1,717,874",United Kingdom,Not known,Not available,Puffin Books,chiefly col. Illustrations
0-5,32 pages,English,265 x 271 x 9mm | 500g,HarperCollins Publishers,01 Nov 2004,0007120176,9780007120178,Not available,"London, United Kingdom",Not known,Not available,HarperCollins,Not available
Not known,32 pages,English,252 x 275 x 3mm | 180g,SCHOLASTIC,03 Aug 2017,1407166905,9781407166902,"374,072","London, United Kingdom",Not known,Not available,Not available,Not available
0-5,32 pages,English,251 x 275 x 4mm | 210g,Hachette Children's Group,25 May 2000,Not known,9781841215839,"396,645","London, United Kingdom",Not known,Not available,Orchard Books,With numerous col. ill.
0-5,32 pages,English,276 x 276 x 5mm | 560g,HarperCollins Publishers,16 Jun 2015,Not known,9780007494002,"106,126","London, United Kingdom",edition,Not available,HarperCollins,chiefly illustrations (colour)
Not known,24 pages,English,282 x 249 x 4mm | 239g,Pan Macmillan,05 Sep 2008,023070381X,9780230703810,"12,564","London, United Kingdom",Illustrated edition,Illustrated,Macmillan Children's Books,24 colour illustrations
Not known,50 pages,English,237 x 7 x 281mm | 286g,Hachette Children's Group,13 Oct 2005,Not known,9780340877890,"1,145,008","London, United Kingdom",Not known,Not available,Hodder Children's Books,full colour throughout
0-5,48 pages,English,255 x 290 x 5mm | 255g,Templar Publishing,01 Jul 2009,1840118601,9781840118605,"29,548","London, United Kingdom",Not known,Not available,Not available,chiefly col. Illustrations
Not known,32 pages,English,231 x 290 x 4mm | 220g,Nosy Crow Ltd,09 Jan 2014,0857631675,9780857631671,"54,217","London, United Kingdom",Not known,Not available,Not available,Colour Illustrations throughout
0-5,32 pages,English,240 x 290 x 4mm | 234g,Penguin Random House Children's UK,01 Jan 2015,1782951784,9781782951780,"33,062","London, United Kingdom",Not known,Not available,Red Fox,Not available
0-5,32 pages,English,250 x 300 x 4mm | 205g,Penguin Random House Children's UK,16 Jun 2011,0141501324,9780141501321,"67,979","London, United Kingdom",UK ed.,Not available,Puffin,chiefly col. Illustrations
0-5,32 pages,English,244 x 296 x 4mm | 216g,Penguin Random House Children's UK,03 Sep 2015,0723296286,9780723296287,"913,725","London, United Kingdom",UK ed.,Not available,Ladybird,w. numerous coll. ill.
Not known,36 pages,English,210 x 298 x 4mm | 344g,SMI Ltd,01 Oct 2010,0955581109,9780955581106,"3,138,919","Berkshire, United Kingdom",Not known,Not available,Not available,16 full page spreads with text overlaid
0-5,32 pages,English,221 x 4 x 302mm | 196g,Hachette Children's Group,14 Jun 2001,Not known,9780340779163,"473,333","London, United Kingdom",Not known,Not available,Hodder Children's Books,Full colour
0-5,32 pages,English,241 x 307 x 9mm | 463g,Pan MacMillan,02 Oct 2009,1405091002,9781405091008,"878,938","London, United Kingdom",Illustrated edition,Illustrated,MACMILLAN CHILDREN'S BOOKS,32 colour illustrations
Not known,32 pages,English,240 x 191 x 10mm | 315g,Orangutan Books,29 Aug 2014,184993780X,9781849937801,"1,901,255",United Kingdom,Not known,Not available,Hometown World,chiefly illustrations (colour)
Not known,26 pages,Not known,200 x 200 x 9mm | 195g,Bonnier Books Ltd,21 Nov 2018,1789055156,9781789055153,Not available,"Sywell, United Kingdom",Not known,Not available,Autumn Publishing,Not available
Not known,,Not known,Not known,Parragon Book Service Ltd,01 May 2015,1474806384,9781474806381,Not available,"Bath, United Kingdom",Not known,Not available,Not available,Not available
Not known,Not known,Not known,Not known,Not known,Not known,Not known,Not known,Not available,Not known,Not known,Not available,Not available,Not available
12-17,24 pages,English,195 x 231 x 11mm | 286g,Bonnier Books Ltd,01 Nov 2014,1784403067,9781784403065,"2,078,167","Sywell, United Kingdom",Not known,Not available,Igloo Books Ltd,8pp ends + cased cover
0-5,32 pages,English,183 x 227 x 9mm | 240g,Parragon,01 Jul 2012,1445464802,9781445464800,"543,639","Bath, United Kingdom",Not known,Not available,Parragon Book Service Ltd,Not available
0-5,32 pages,Not known,183 x 227 x 9mm | 240g,Parragon,29 Dec 2013,1472331494,9781472331496,"631,723","Bath, United Kingdom",Not known,Not available,Parragon Book Service Ltd,Not available
Not known,32 pages,Not known,183 x 227 x 9mm | 260g,Parragon,26 Jul 2016,1474832881,9781474832885,Not available,"Bath, United Kingdom",Not known,Not available,Parragon Book Service Ltd,Not available
0-5,32 pages,English,183 x 227 x 9mm | 230g,Parragon,30 Jun 2013,1781866384,9781781866382,"835,593","Bath, United Kingdom",Not known,Not available,Parragon Book Service Ltd,Not available
0-5,32 pages,English,176 x 220 x 12mm | 251g,Parragon Plus,01 Apr 2007,1405462949,9781405462945,"1,529,441","Bath, United Kingdom",Not known,Not available,Not available,col. Illustrations
12-17,32 pages,English,176 x 220 x 10mm | 281g,Parragon Plus,01 Jul 2006,1405470879,9781405470872,"1,846,534","Bath, United Kingdom",Not known,Not available,Not available,Illustrations
0-5,32 pages,Not known,176 x 220mm,Parragon,30 Aug 2012,1445487764,9781445487762,Not available,"Bath, United Kingdom",Not known,Not available,Parragon Book Service Ltd,Not available
0-5,32 pages,English,183 x 227 x 9mm | 240g,Parragon,12 Feb 2016,1474827853,9781474827850,"800,613","Bath, United Kingdom",Media tie-in,Media tie-in,Not available,Not available
Not known,Not known,Not known,Not known,Not known,Not known,Not known,Not known,Not available,Not known,Not known,Not available,Not available,Not available
0-5,32 pages,English,176 x 220 x 9mm | 240g,Parragon,18 Oct 2013,1472327497,9781472327499,"453,883","Bath, United Kingdom",Not known,Not available,Parragon Book Service Ltd,Not available
Not known,32 pages,English,231 x 158 x 8mm | 220g,SCHOLASTIC,06 Aug 2015,1407163418,9781407163413,"476,465","London, United Kingdom",Not known,Not available,Not available,Not available
Not known,32 pages,English,160 x 232 x 8mm | 220g,Scholastic,04 Aug 2016,1407162616,9781407162614,"312,486","London, United Kingdom",Not known,Not available,Not available,Not available
5+,32 pages,English,157 x 232 x 8mm | 208g,Dorling Kindersley Ltd,01 Nov 2013,1409343987,9781409343981,"725,868","London, United Kingdom",Not known,Not available,DK Children,Not available
0-5,32 pages,English,235 x 237 x 8mm | 382g,Centum Books,01 Oct 2015,1910114510,9781910114513,"2,132,750","Torquay, United Kingdom",Not known,Not available,Not available,Not available
Not known,Not known,Not known,Not known,Not known,Not known,Not known,Not known,Not available,Not known,Not known,Not available,Not available,Not available
0-5,48 pages,English,200 x 247 x 11mm | 400g,Parragon,01 Jun 2009,1407561383,9781407561387,"959,774","Bath, United Kingdom",Not known,Not available,Parragon Book Service Ltd,Not available
0-5,64 pages,Not known,195 x 252mm | 389g,HarperCollins Publishers,29 Oct 2009,0007318014,9780007318018,"436,208","London, United Kingdom",Not known,Not available,HarperCollins Children's Books,chiefly col. Illustrations
0-5,,English,150 x 210 x 22mm | 468g,Parragon,04 Jan 2017,1472391020,9781472391025,"777,913","Bath, United Kingdom",Not known,Not available,Parragon Book Service Ltd,Not available
0-5,72 pages,English,202 x 282 x 13mm | 463g,Parragon,17 Jun 2013,1781865795,9781781865798,"1,062,370","Bath, United Kingdom",Not known,Not available,Parragon Book Service Ltd,Not available
Not known,72 pages,English,202 x 282 x 15mm | 470g,Parragon,07 Feb 2017,1474868517,9781474868518,"3,385,242","Bath, United Kingdom",Not known,Not available,Parragon Book Service Ltd,Not available
0-5,68 pages,Not known,202 x 282 x 12mm | 470g,Parragon,05 Jan 2010,1407589156,9781407589152,Not available,"Bath, United Kingdom",Not known,Not available,Parragon Book Service Ltd,Not available
0-5,72 pages,English,200 x 281 x 20mm | 463g,Parragon,04 Apr 2011,144540995X,9781445409955,"193,394","Bath, United Kingdom",Not known,Not available,Not available,Not available
0-5,72 pages,English,202 x 282 x 12mm | 470g,Parragon,06 Oct 2015,1474812392,9781474812399,"2,343,835","Bath, United Kingdom",Not known,Not available,Not available,24
0-5,72 pages,Not known,202 x 282 x 11mm | 470g,Parragon,10 Apr 2012,1445481553,9781445481555,Not available,"Bath, United Kingdom",Not known,Not available,Parragon Book Service Ltd,Not available
0-5,72 pages,English,202 x 282 x 12mm | 475g,Parragon,01 Jun 2010,1407583883,9781407583884,"3,293,235","Bath, United Kingdom",Not known,Not available,Parragon Book Service Ltd,Not available
0-5,72 pages,Not known,202 x 282 x 12mm | 475g,Parragon,09 Nov 2010,1445422484,9781445422480,Not available,"Bath, United Kingdom",Not known,Not available,Parragon Book Service Ltd,Not available
0-5,72 pages,English,202 x 282 x 15mm | 470g,Parragon,03 Nov 2015,147234944X,9781472349446,"3,375,475","Bath, United Kingdom",Not known,Not available,Parragon Book Service Ltd,24
5+,64 pages,English,223 x 284 x 11mm | 550g,Dorling Kindersley Ltd,01 Sep 2009,1405347422,9781405347426,"1,167,614","London, United Kingdom",Not known,Not available,DK Children,col. Illustrations
0-5,64 pages,Not known,223 x 282mm | 470g,HarperCollins Publishers,06 Sep 1999,0001982613,9780001982611,Not available,"London, United Kingdom",Not known,Not available,Picture Lions,colour illustrations
Not known,72 pages,English,237 x 287 x 10mm | 650g,Parragon,23 Apr 2015,1472381998,9781472381996,"440,323","Bath, United Kingdom",Not known,Not available,Not available,Not available
3+,Not known,Not known,216 x 285mm | 481g,Egmont UK Ltd,01 Sep 2014,Not known,9781405275552,"2,017,388",Not known,Not known,Not available,Not available,Not available
0-5,10 pages,English,219 x 220 x 32mm | 235g,Walker Books Ltd,02 Feb 2009,140631935X,9781406319354,"53,249","London, United Kingdom",Not known,Not available,Not available,chiefly col. ill
0-2,,Not known,220 x 220mm | 152g,Walker Books Ltd,13 Jan 1999,074456784X,9780744567847,Not available,"London, United Kingdom",Not known,Not available,Not available,Not available
0-5,12 pages,English,210 x 210 x 10mm | 200g,Child's Play International Ltd,01 Feb 2010,1846432758,9781846432750,"29,049","Swindon, United Kingdom",Not known,Not available,Child's Play (International) Ltd,"12 Illustrations, color"
0-5,12 pages,English,210 x 210 x 8mm | 241g,Child's Play International Ltd,01 Oct 2002,0859537285,9780859537285,"54,295","Swindon, United Kingdom",Not known,Not available,Child's Play (International) Ltd,"12 Illustrations, color"
0-5,10 pages,Not known,Not known,Hinkler Books,30 Jun 2010,1741826608,9781741826609,"2,115,245","Heatherton, VIC, Australia",Not known,Not available,Not available,Not available
Not known,12 pages,English,239 x 240 x 15mm | 464g,Dorling Kindersley Ltd,02 Jan 2020,0241422272,9780241422274,Not available,"London, United Kingdom",Not known,Not available,DK Children,Not available
Not known,16 pages,Not known,240 x 240mm,Little Tiger Press Group,01 Sep 2016,1848693680,9781848693685,Not available,"London, United Kingdom",Not known,Not available,Little Tiger Press,Not available
0-5,12 pages,Not known,185 x 185mm,Bonnier Books Ltd,01 Aug 2011,0857347071,9780857347077,Not available,"Sywell, United Kingdom",Not known,Not available,Igloo Books Ltd,Not available
0-5,12 pages,Not known,200 x 200mm,Bonnier Books Ltd,01 Dec 2014,1784404322,9781784404321,Not available,"Sywell, United Kingdom",Not known,Not available,Igloo Books Ltd,Not available
Not known,28 pages,English,180 x 205 x 15mm | 380g,Walker Books Ltd,07 Feb 2019,1406380903,9781406380903,"215,450","London, United Kingdom",Not known,Not available,Not available,Not available
Not known,Not known,Not known,200 x 200mm,Bonnier Books Ltd,01 Jun 2014,1783432616,9781783432615,Not available,"Sywell, United Kingdom",Not known,Not available,Igloo Books Ltd,Not available
Not known,10 pages,Not known,198 x 200mm,Bonnier Books Ltd,01 Aug 2016,178557700X,9781785577000,Not available,"Sywell, United Kingdom",Not known,Not available,Igloo Books Ltd,Not available
Not known,10 pages,Not known,198 x 200mm,Bonnier Books Ltd,01 Aug 2016,1785577018,9781785577017,Not available,"Sywell, United Kingdom",Not known,Not available,Igloo Books Ltd,Not available
0-5,12 pages,English,200 x 200 x 12mm | 253g,Bonnier Books Ltd,07 Dec 2007,1845616774,9781845616779,"233,848","Sywell, United Kingdom",Not known,Not available,Igloo Books Ltd,Illustrations
0-5,12 pages,English,211 x 218 x 14mm | 364g,Penguin Random House Children's UK,30 Mar 2006,Not known,9781846460326,"783,204",United Kingdom,Not known,Not available,Ladybird Books Ltd,Not available
Not known,12 pages,English,162 x 165 x 21mm | 330g,Usborne Publishing Ltd,29 Jun 2007,0746086547,9780746086544,"1,552,647","London, United Kingdom",New edition,New edition,Not available,full colour throughout
0-5,16 pages,English,164 x 164 x 10mm | 150g,Andersen Press Ltd,01 Nov 2014,0862644941,9780862644949,"87,877","London, United Kingdom",Not known,Not available,Not available,16
0-5,10 pages,"English, Welsh",180 x 190 x 10mm,Dref Wen,17 Jan 2013,1855969270,9781855969278,Not available,"Cardiff, United Kingdom",Bilingual edition,Bilingual edition,Not available,Lluniau lliw ar bob tudalen
0-5,18 pages,English,178 x 167 x 17mm | 276g,Penguin Random House Children's UK,05 Jan 2012,1409312070,9781409312079,"417,222",United Kingdom,Not known,Not available,Ladybird,Not available
0-5,16 pages,English,178 x 175 x 13mm | 268g,Penguin Random House Children's UK,04 Mar 2010,1405906731,9781405906739,"173,065","London, United Kingdom",Not known,Not available,BBC Children's Books,chiefly col. Illustrations
0-5,16 pages,English,170 x 171 x 13mm | 268g,Penguin Random House Children's UK,03 Mar 2011,1405907754,9781405907750,"42,529","London, United Kingdom",Not known,Not available,BBC Children's Books,chiefly col. Illustrations
0-5,16 pages,English,173 x 177 x 15mm | 270g,Penguin Random House Children's UK,28 Feb 2008,1405904143,9781405904148,"180,262","London, United Kingdom",Not known,Not available,BBC Children's Books,chiefly col. Illustrations
0-5,16 pages,English,175 x 176 x 14mm | 266g,Penguin Random House Children's UK,06 Oct 2011,140590819X,9781405908191,"286,554","London, United Kingdom",Not known,Not available,BBC Children's Books,chiefly col. Illustrations
0-5,16 pages,English,179 x 179 x 14mm | 264g,Penguin Random House Children's UK,26 Sep 2007,1405903910,9781405903912,"253,030","London, United Kingdom",Not known,Not available,BBC Children's Books,chiefly col. Illustrations
0-5,12 pages,English,218 x 218 x 17mm | 538g,Penguin Random House Children's UK,06 Jun 2015,Not known,9780723295914,"66,859","London, United Kingdom",Not known,Not available,Puffin,w. numerous col. ill.
0-5,10 pages,English,209 x 216 x 19mm | 522g,Penguin Random House Children's UK,10 Nov 2015,0241206138,9780241206133,"402,580","London, United Kingdom",Not known,Not available,Warne,w. numerous col. ill.
0-5,12 pages,English,270 x 220 x 9mm | 381.02g,SPCK Publishing,23 Sep 2011,1859858929,9781859858929,"559,818","Oxford, United Kingdom",Not known,Not available,CANDLE BOOKS,Colour illustrations
0-5,24 pages,English,156 x 160 x 15mm | 265g,Penguin Random House Children's UK,05 Oct 2015,Not known,9780723263586,"15,360","London, United Kingdom",Not known,Not available,Warne,w. numerous col. ill.
0-5,14 pages,English,158 x 193 x 10mm | 182g,Penguin Random House Children's UK,07 Jan 2010,Not known,9780723264644,"62,830","London, United Kingdom",Not known,Not available,Warne,chiefly col. Illustrations
0-5,20 pages,English,176 x 176 x 15mm | 204g,Pan Macmillan,07 May 2015,1447282787,9781447282785,"953,664","London, United Kingdom",Not known,Not available,Macmillan Children's Books,Not available
0-5,12 pages,English,209 x 216 x 16mm | 388g,Penguin Random House Children's UK,06 Jan 2011,1409307220,9781409307228,"138,338","London, United Kingdom",Not known,Not available,Ladybird,chiefly col. Illustrations
0-5,20 pages,Not known,160 x 160 x 13mm | 182g,Pan MacMillan,22 Mar 2002,0333781392,9780333781395,"655,219","London, United Kingdom",Not known,Not available,MACMILLAN CHILDREN'S BOOKS,Not available
0-5,12 pages,English,186 x 186 x 15mm | 313g,Pan Macmillan,11 Feb 2016,Not known,9781447251811,"45,477","London, United Kingdom",Illustrated edition,Illustrated,Macmillan Children's Books,w. numerous col. ill.
0-5,16 pages,English,180 x 180 x 13mm | 282g,Walker Books Ltd,05 Jul 2012,1406339083,9781406339086,"341,615","London, United Kingdom",Not known,Not available,Not available,chiefly col. Illustrations
0-5,12 pages,English,189 x 189 x 20mm | 365g,Nosy Crow Ltd,02 Apr 2015,Not known,9780857633484,"777,984","London, United Kingdom",Not known,Not available,Not available,Colour illustrations throughout
0-5,12 pages,English,188 x 188 x 18mm | 391g,Pan Macmillan,01 Apr 2014,1447209958,9781447209959,"24,273","London, United Kingdom",Main Market Ed,Not available,Macmillan Children's Books,chiefly col. Illustrations
Not known,16 pages,English,190 x 190 x 15mm | 328g,Little Tiger Press Group,09 Feb 2017,1848695810,9781848695818,"426,921","London, United Kingdom",New edition,New edition,Little Tiger Kids,Not available
0-5,8 pages,English,205 x 209 x 9mm | 240g,Authentic Media,05 Sep 2014,1860249396,9781860249396,"3,278,945","Milton Keynes, United Kingdom",Not known,Not available,Not available,Not available
Not known,18 pages,English,179 x 176 x 20mm | 310g,Pan Macmillan,22 Mar 2018,1509870326,9781509870325,"12,757","London, United Kingdom",Not known,Not available,Macmillan Children's Books,Not available
Not known,16 pages,Not known,209 x 248 x 18mm | 518g,Penguin Random House Children's UK,31 May 2007,1846465818,9781846465819,Not available,United Kingdom,Not known,Not available,Ladybird Books Ltd,chiefly col. Illustrations
0-5,32 pages,English,187 x 156 x 22mm | 400g,Walker Books Ltd,19 Dec 2014,Not known,9781406358780,"1,021","London, United Kingdom",Not known,Not available,Not available,w. numerous col. ill.
Not known,24 pages,English,186 x 154 x 18mm | 324g,Pan Macmillan,04 May 2017,1509835660,9781509835669,"53,101","London, United Kingdom",Main Market Ed,Not available,Macmillan Children's Books,Not available
Not known,24 pages,English,186 x 153 x 18mm | 321g,Pan Macmillan,13 Jul 2017,1509835652,9781509835652,"58,349","London, United Kingdom",Main Market Ed,Not available,Macmillan Children's Books,Not available
0-5,24 pages,English,137 x 157 x 18mm | 247g,Walker Books Ltd,02 Feb 2009,Not known,9781406319262,493,"London, United Kingdom",Not known,Not available,Not available,With numerous col. ill.
Not known,32 pages,English,160 x 160 x 17mm | 270g,Walker Books Ltd,07 Jun 2018,Not known,9781406381573,"48,134","London, United Kingdom",Not known,Not available,Not available,Not available
Not known,10 pages,English,180 x 206 x 15mm | 360g,Parragon,20 Dec 2016,147486578X,9781474865784,"974,459","Bath, United Kingdom",Not known,Not available,Little Learners,Not available
0-5,22 pages,English,164 x 167 x 20mm | 338g,Penguin Random House Children's UK,07 May 2009,Not known,9780723263654,"56,825","London, United Kingdom",Not known,Not available,Warne,Not available
0-5,40 pages,English,170 x 155 x 25mm | 300g,Walker Books Ltd,07 Feb 2011,Not known,9781406331264,532,"London, United Kingdom",Not known,Not available,Not available,Not available
Not known,14 pages,English,167 x 198 x 14mm | 280g,Penguin Random House Children's UK,09 Feb 2017,0241303796,9780241303795,"91,708","London, United Kingdom",Not known,Not available,Warne,Not available
0-5,30 pages,English,167 x 174 x 21mm | 344g,Scholastic,03 Oct 2013,1407139630,9781407139630,"137,471","London, United Kingdom",Not known,Not available,Alison Green Books,Not available
0-5,24 pages,English,132 x 178 x 26mm | 350g,Penguin Random House Children's UK,20 Mar 2015,Not known,9780241137857,"19,520","London, United Kingdom",Not known,Not available,Puffin,w. numerous col. ill.
0-5,16 pages,English,170 x 131 x 20mm | 269g,Penguin Random House Children's UK,05 Aug 2004,0141381132,9780141381138,"66,574","London, United Kingdom",Not known,Not available,Puffin,Ill.(some col.)
0-5,24 pages,English,133 x 184 x 14mm,Henry Holt & Company Inc,02 Sep 1996,0805047905,9780805047905,498,"New York, United States",2nd Anniversary ed.,Not available,Not available,illustrations
Not known,14 pages,English,190 x 160 x 8mm | 181g,Penguin Random House Children's UK,03 May 2018,Not known,9780241327050,"382,249","London, United Kingdom",Not known,Not available,Puffin,Not available
Not known,56 pages,Not known,Not known,Penguin Random House Children's UK,30 Jun 2008,0723263272,9780723263272,Not available,United Kingdom,Not known,Not available,Warne,Not available
Not known,20 pages,Not known,Not known,Penguin Random House Children's UK,24 Nov 2008,0723263191,9780723263197,Not available,United Kingdom,Not known,Not available,Warne,Not available
Not known,Not known,Not known,Not known,Not known,Not known,Not known,Not known,Not available,Not known,Not known,Not available,Not available,Not available
Not known,Not known,Not known,Not known,Not known,Not known,Not known,Not known,Not available,Not known,Not known,Not available,Not available,Not available
0-5,32 pages,English,192 x 165 x 21mm | 400g,Scholastic,01 Sep 2016,1407171593,9781407171593,"192,361","London, United Kingdom",Not known,Not available,Alison Green Books,Not available
0-5,10 pages,English,185 x 185 x 17mm | 346g,Really Decent Books,07 Oct 2013,1909090638,9781909090637,"2,643,732","Bath, United Kingdom",UK ed.,Not available,Not available,Not available
0-5,12 pages,English,168 x 207 x 20mm | 380g,Pan Macmillan,19 Mar 2015,Not known,9781447273431,"2,598","London, United Kingdom",Reprints,Not available,Macmillan Children's Books,w. num. col. ills. and flaps
0-5,12 pages,English,256 x 256 x 11mm | 370g,Pan Macmillan,07 Oct 2005,1405053100,9781405053105,"93,659","London, United Kingdom",Illustrated edition,Illustrated,Campbell Books Ltd,12 colour illustrations
Not known,10 pages,English,210 x 210 x 6mm | 420g,HarperCollins Publishers,03 Sep 2020,1405297859,9781405297851,"1,680,052",United Kingdom,Not known,Not available,Farshore,(With full-colour images for Thomas fans to enjoy.)
Not known,20 pages,English,195 x 205 x 20mm | 506g,Fourth Wall Publishing,01 Apr 2018,1910851221,9781910851227,"3,649,929","Neston, United Kingdom",Not known,Not available,Not available,Full Colour Illustrations
0-5,12 pages,English,216 x 219 x 13mm | 408g,Penguin Random House Children's UK,03 Mar 2011,140930857X,9781409308577,"47,817","London, United Kingdom",Not known,Not available,Ladybird,chiefly col. Illustrations
Not known,14 pages,English,167 x 188 x 17mm | 310g,Usborne Publishing Ltd,03 May 2018,Not known,9781474933841,"44,543","London, United Kingdom",Not known,Not available,Not available,full colour throughout
Not known,10 pages,English,183 x 181 x 18mm | 322g,Pan Macmillan,01 Jun 2017,1509832637,9781509832637,"59,054","London, United Kingdom",Main Market Ed,Not available,Campbell Books Ltd,Not available
0-5,6 pages,English,200 x 163 x 15mm | 272g,Pan Macmillan,07 Jan 2011,0230753124,9780230753129,"12,974","London, United Kingdom",Not known,Not available,Macmillan Children's Books,Not available
0-5,6 pages,English,200 x 164 x 16mm | 278g,Pan Macmillan,07 Jan 2011,0230753094,9780230753099,"5,426","London, United Kingdom",Not known,Not available,Macmillan Children's Books,14 colour illustrations
0-5,12 pages,English,206 x 170 x 20mm | 377g,Pan Macmillan,20 Mar 2015,Not known,9781447273424,"3,774","London, United Kingdom",Reprints,Not available,Macmillan Children's Books,Not available
0-5,6 pages,English,201 x 163 x 15mm | 278g,Pan Macmillan,07 Jan 2011,0230753116,9780230753112,"12,973","London, United Kingdom",Not known,Not available,Macmillan Children's Books,Not available
0-5,12 pages,English,170 x 207 x 19mm | 370g,Pan Macmillan,20 Mar 2015,Not known,9781447273417,"3,229","London, United Kingdom",Reprints,Not available,Macmillan Children's Books,Not available
0-5,6 pages,English,200 x 163 x 15mm | 284g,Pan Macmillan,07 Jan 2011,0230753108,9780230753105,"13,076","London, United Kingdom",Not known,Not available,Macmillan Children's Books,14 colour illustrations
0-5,24 pages,English,212 x 302 x 22mm | 664g,HarperCollins Publishers,28 Apr 2008,1843650959,9781843650959,"71,438","London, England, United Kingdom",Repr.,Not available,Pavilion Children's Books,Colour illustrations throughout
12-17,22 pages,Not known,Not known,TANGO BOOKS,29 Mar 1999,1857074297,9781857074291,Not available,"London, United Kingdom",Not known,Not available,Not available,colour and b&w illustrations
9-12,12 pages,English,224 x 216 x 16.26mm | 390.09g,Andrews McMeel Publishing,08 May 2012,1449418767,9781449418762,"830,940","Kansas City, United States",Original,Not available,Accord,Not available
Not known,12 pages,English,22 x 196 x 196mm | 309g,Templar Publishing,01 Jun 2012,1848772653,9781848772656,"3,599,773","London, United Kingdom",Not known,Not available,Not available,Not available
0-5,30 pages,English,180 x 180 x 19mm | 395g,Pan Macmillan,01 Sep 2016,1447285506,9781447285502,"32,826","London, United Kingdom",Main Market Ed,Not available,Macmillan Children's Books,Not available
0-5,12 pages,Not known,180 x 180mm,Egmont UK Ltd,05 Mar 2007,1405229799,9781405229791,"2,008,962","London, United Kingdom",Not known,Not available,Egmont Books Ltd,full colour illustrations
Not known,12 pages,English,148 x 185 x 22mm | 381g,Simon & Schuster Ltd,06 Apr 2017,1471163741,9781471163746,"118,703","London, United Kingdom",Not known,Not available,Simon & Schuster Childrens Books,Full colour
0-5,26 pages,English,142 x 180 x 17mm | 320g,HarperCollins Publishers,01 Oct 2016,1405283343,9781405283342,"3,861","London, United Kingdom",Not known,Not available,Farshore,Not available
0-5,26 pages,Not known,148 x 185 x 17mm | 265g,Pan Macmillan,12 Apr 2002,033396568X,9780333965689,"47,420","London, United Kingdom",Not known,Not available,Campbell Books Ltd,Not available
0-5,26 pages,English,148 x 185 x 16mm | 239g,Pan MacMillan,03 Jun 2011,023076021X,9780230760219,"23,476","London, United Kingdom",Illustrated edition,Illustrated,MACMILLAN CHILDREN'S BOOKS,chiefly col. Illustrations
0-5,24 pages,English,180 x 180 x 17mm | 304g,Pan Macmillan,01 Mar 2012,0230757375,9780230757370,"1,878","London, United Kingdom",Illustrated edition,Illustrated,Macmillan Children's Books,chiefly col. Illustrations
Not known,26 pages,English,280 x 198 x 4mm | 370g,Nosy Crow Ltd,03 May 2018,Not known,9781788002516,"10,361","London, United Kingdom",Not known,Not available,Not available,w. num. col. ills.
0-5,26 pages,English,176 x 180 x 13mm | 290g,HarperCollins Publishers,28 Jan 2016,0008159750,9780008159757,"205,238","London, United Kingdom",Not known,Not available,HarperCollins,Not available
0-5,30 pages,English,185 x 161 x 20mm | 360g,Scholastic,06 Mar 2014,1407139320,9781407139326,"20,612","London, United Kingdom",Not known,Not available,Alison Green Books,Not available
0-5,12 pages,English,180 x 196 x 14mm | 195g,Simon & Schuster Ltd,28 Apr 2011,0857072250,9780857072252,"713,155","London, United Kingdom",Not known,Not available,Simon & Schuster Childrens Books,chiefly col. ill
0-5,32 pages,English,148 x 185 x 17mm | 284g,Simon & Schuster Ltd,17 Jul 2014,147112214X,9781471122149,"110,375","London, United Kingdom",Not known,Not available,Simon & Schuster Childrens Books,Full colour
0-5,32 pages,English,148 x 185 x 23mm | 324g,Pan Macmillan,05 Aug 2005,Not known,9781405051286,"306,880","London, United Kingdom",Illustrated edition,Illustrated,Campbell Books Ltd,32 colour illustrations
Not known,Not known,Not known,Not known,Not known,Not known,Not known,Not known,Not available,Not known,Not known,Not available,Not available,Not available
Not known,Not known,Not known,Not known,Not known,Not known,Not known,Not known,Not available,Not known,Not known,Not available,Not available,Not available
0-5,16 pages,English,168 x 179 x 13mm | 272g,Penguin Random House Children's UK,06 Oct 2015,Not known,9781409304876,"47,016","London, United Kingdom",Not known,Not available,LADYBIRD,chiefly col. Illustrations
0-5,16 pages,English,177 x 178 x 14mm | 268g,Penguin Random House Children's UK,05 Jan 2016,Not known,9780241244999,"119,054","London, United Kingdom",Not known,Not available,Ladybird,w. numerous col. ill.
Not known,16 pages,English,177 x 177 x 13mm | 267g,Penguin Random House Children's UK,05 Mar 2020,0241411823,9780241411827,"238,739","London, United Kingdom",Not known,Not available,Ladybird,Not available
0-5,16 pages,English,176 x 176 x 14mm | 278g,Penguin Random House Children's UK,07 Jan 2014,Not known,9781409304616,"77,067","London, United Kingdom",Not known,Not available,Ladybird,chiefly col. Illustrations
0-5,16 pages,English,174 x 179 x 14mm | 270g,Penguin Books Ltd,05 May 2011,Not known,9781409309062,"2,458","London, United Kingdom",Not known,Not available,Ladybird Books Ltd,chiefly col. Illustrations
0-5,16 pages,English,178 x 178 x 13mm | 264g,Penguin Random House Children's UK,10 Nov 2015,Not known,9780241210963,"48,623","London, United Kingdom",Not known,Not available,Ladybird,w. numerous col. ill.
0-5,16 pages,English,176 x 178 x 14mm | 270g,Penguin Random House Children's UK,03 Oct 2013,1409306143,9781409306146,"19,209",United Kingdom,Not known,Not available,Ladybird,chiefly col. Illustrations
0-5,16 pages,English,178 x 178 x 13mm | 271g,Penguin Random House Children's UK,02 May 2013,Not known,9780723271710,"23,059","London, United Kingdom",Not known,Not available,Ladybird,Illustrations
0-5,16 pages,English,176 x 177 x 13mm | 267g,Penguin Random House Children's UK,29 Sep 2014,Not known,9780718197193,"57,079","London, United Kingdom",Not known,Not available,Ladybird,chiefly col. Illustrations
0-5,16 pages,English,177 x 177 x 8mm | 267g,Penguin Random House Children's UK,27 Jan 2016,Not known,9780723271307,"1,797","London, United Kingdom",Not known,Not available,Ladybird,chiefly col. Illustrations
0-5,10 pages,Not known,165 x 165 x 18mm | 336g,Bonnier Books Ltd,01 Sep 2008,1848171013,9781848171015,Not available,"Sywell, United Kingdom",Not known,Not available,Igloo Books Ltd,col. Illustrations
Not known,10 pages,English,175 x 175 x 18mm | 344g,Bonnier Books Ltd,21 Jun 2018,1786705354,9781786705358,Not available,"Sywell, United Kingdom",Not known,Not available,Igloo Books Ltd,cased cover
0-5,10 pages,Not known,181 x 181 x 19mm | 345g,Bonnier Books Ltd,01 Jan 1900,1785570706,9781785570704,Not available,"Sywell, United Kingdom",Not known,Not available,Igloo Books Ltd,cased cover
0-5,10 pages,English,200 x 217 x 17mm | 411g,Egmont UK Ltd,01 Sep 2008,1405241985,9781405241984,"375,428","London, United Kingdom",Not known,Not available,Egmont Books Ltd,full colour illustrations
Not known,10 pages,Spanish,181 x 181 x 19mm | 346g,Bonnier Books Ltd,20 Sep 2021,Not known,9781785577734,"1,740,846","Sywell, United Kingdom",Not known,Not available,Igloo Books Ltd,cased cover
0-5,10 pages,Spanish,181 x 181 x 20mm | 345g,Bonnier Books Ltd,10 Sep 2018,Not known,9780857809711,"367,716","Sywell, United Kingdom",Not known,Not available,Igloo Books Ltd,cased cover
Not known,8 pages,Not known,181 x 181 x 18mm | 335g,Bonnier Books Ltd,21 Mar 2020,1839035293,9781839035296,Not available,"Sywell, United Kingdom",Not known,Not available,Igloo Books Ltd,Global/Silver/aYBB_82/HUN001
Not known,10 pages,English,181 x 181 x 18mm | 344g,Bonnier Books Ltd,01 Jul 2017,1786706601,9781786706607,"3,217,655","Sywell, United Kingdom",Not known,Not available,Igloo Books Ltd,cased cover
Not known,8 pages,Not known,181 x 181 x 18mm | 335g,Bonnier Books Ltd,21 May 2020,1839039027,9781839039027,Not available,"Sywell, United Kingdom",Not known,Not available,Igloo Books Ltd,Global/Gold/GL-01/GOL002
Not known,10 pages,English,181 x 181 x 18mm | 344g,Bonnier Books Ltd,01 Jul 2017,1786706598,9781786706591,"3,252,887","Sywell, United Kingdom",Not known,Not available,Igloo Books Ltd,cased cover
Not known,10 pages,English,181 x 181 x 18mm | 345g,Bonnier Books Ltd,01 Mar 2017,1786703106,9781786703101,Not available,"Sywell, United Kingdom",Not known,Not available,Igloo Books Ltd,cased cover
Not known,10 pages,English,181 x 181 x 21mm | 340g,Bonnier Books Ltd,01 Sep 2016,1785577654,9781785577659,Not available,"Sywell, United Kingdom",Not known,Not available,Igloo Books Ltd,cased cover
Not known,Not known,Not known,Not known,Not known,Not known,Not known,Not known,Not available,Not known,Not known,Not available,Not available,Not available
0-5,18 pages,English,208 x 211 x 13mm | 302g,Penguin Random House Children's UK,05 Oct 2015,Not known,9781409302193,"6,887","London, United Kingdom",Not known,Not available,Ladybird,18 spreads inc cover based on scale price; 18 spreads inc cover based on scale price
0-5,18 pages,English,210 x 210 x 10mm | 360g,Penguin Random House Children's UK,02 Jul 2009,1409302202,9781409302209,"3,104","London, United Kingdom",Not known,Not available,Ladybird,18 spreads inc cover as per scale price; 18 spreads inc cover as per scale price
Not known,128 pages,Not known,Not known,Scholastic India Pvt Ltd,01 Jul 2014,9351032175,9789351032175,Not available,India,Not known,Not available,Not available,Not available
0-5,128 pages,English,171.2 x 193.04 x 8.13mm | 158.76g,Scholastic US,01 Jan 2012,0545340977,9780545340977,"13,250","New York, United States",Reissue,Not available,Not available,Not available
Not known,128 pages,Not known,Not known,Scholastic India Pvt Ltd,01 Oct 2015,9351030164,9789351030164,Not available,India,Not known,Not available,Not available,Not available
9-12,128 pages,Not known,Not known,Scholastic India Pvt Ltd,01 Jan 2014,9351033724,9789351033721,Not available,India,Not known,Not available,Not available,Not available
0-5,128 pages,English,158.5 x 193.04 x 8.13mm | 149.69g,Scholastic US,01 Jan 2007,0439841194,9780439841191,"53,412","New York, United States",Reissue,Not available,SCHOLASTIC,Not available
0-5,128 pages,Spanish,134.62 x 197.61 x 8.64mm | 154.22g,SCHOLASTIC INFANTIL,01 Feb 2004,0439559650,9780439559652,"23,781","New York, United States",Translation,Not available,Scholastic,Not available
0-5,128 pages,English,132.08 x 190.5 x 10.16mm | 158.76g,Scholastic US,04 Feb 2013,0545481910,9780545481915,"17,735","New York, United States",Not known,Not available,Not available,Not available
0-5,128 pages,English,131.57 x 194.06 x 8.38mm | 154.22g,Scholastic US,01 Sep 2004,0439559731,9780439559737,"36,902","New York, United States",Translation,Not available,Not available,Not available
9-12,128 pages,English,137.67 x 192.53 x 8.13mm | 149.69g,Scholastic US,01 Apr 2010,0545103711,9780545103718,"33,225","New York, United States",Reissue,Not available,Not available,Not available
9-12,106 pages,English,134 x 194 x 8mm | 154g,Scholastic US,25 Jun 2013,0545481945,9780545481946,"13,947","New York, United States",Reissue,Not available,Not available,Not available
0-5,320 pages,English,149.86 x 203.2 x 20.32mm | 544.31g,Scholastic US,30 Jul 2015,0545393515,9780545393515,"5,526","New York, United States",Translation,Not available,Not available,Not available
0-5,320 pages,English,135.89 x 198.37 x 21.08mm | 535.24g,Scholastic US,27 Dec 2010,0545253071,9780545253079,"15,726","New York, United States",Reprint,Not available,Not available,w. numerous col. ill.
0-5,128 pages,English,140.72 x 193.04 x 9.91mm | 154.22g,Scholastic US,01 Nov 2004,0439661625,9780439661621,"31,721","New York, United States",Revised,Revised,Scholastic,Not available
Not known,128 pages,Not known,Not known,Scholastic India Pvt Ltd,01 Jan 2015,9351039528,9789351039525,Not available,India,Not known,Not available,Not available,Not available
0-5,128 pages,English,132.08 x 193.04 x 10.16mm | 163.29g,Scholastic US,01 Feb 2004,0439559634,9780439559638,"10,032","New York, United States",Reissue,Not available,Scholastic,Not available
0-5,128 pages,English,132 x 193 x 10mm | 159g,Scholastic US,30 Jul 2013,0545393493,9780545393492,"53,850","New York, United States",Not known,Not available,Not available,"Illustrations, color"
Not known,56 pages,English,6 x 165 x 228mm | 150g,Papercutz,24 Nov 2009,1597071919,9781597071918,Not available,"New York, United States",Not known,Not available,Not available,"Illustrations, unspecified"
Not known,,English,Not known,Papercutz,02 Oct 2012,1597073482,9781597073486,Not available,"New York, United States",Not known,Not available,Not available,Not available
0-5,56 pages,English,170 x 235 x 9mm | 298g,Papercutz,01 Feb 2011,1597072397,9781597072397,"16,196","New York, United States",Not known,Not available,Not available,Not available
Not known,113 pages,Not known,Not known,Scholastic India Pvt Ltd,01 Sep 2014,9351033104,9789351033103,Not available,India,Not known,Not available,Not available,Not available
9-12,176 pages,English,134.11 x 193.55 x 10.92mm | 208.65g,Scholastic US,15 Apr 2009,0545103673,9780545103671,"12,818","New York, United States",Not known,Not available,Not available,Not available
9-12,176 pages,English,132.08 x 193.04 x 10.16mm | 204.12g,Scholastic US,01 Dec 2012,0545341051,9780545341059,"59,024","New York, United States",Library ed.,Not available,Not available,Not available
0-5,176 pages,English,135.38 x 186.94 x 12.95mm | 208.65g,Scholastic US,10 Mar 2011,0545227720,9780545227728,"6,358","New York, United States",Reissue,Not available,Not available,Not available
0-5,176 pages,English,180.34 x 193.55 x 10.92mm | 213.19g,Scholastic US,01 Jun 2010,0545150612,9780545150613,"59,131","New York, United States",Not known,Not available,Not available,Not available
9+,160 pages,English,135 x 185 x 13mm | 132g,Walker Books Ltd,22 Jul 2011,1406335843,9781406335842,"169,718","London, United Kingdom",Not known,Not available,Not available,Not available
9-12,176 pages,English,134 x 183 x 15mm | 190g,Walker Books Ltd,05 Jul 2004,074459362X,9780744593624,Not available,"London, United Kingdom",Not known,Not available,Not available,w. numerous ill. by Peter H. Reynolds.
12-17,176 pages,English,139 x 186 x 14mm | 142g,Walker Books Ltd,22 Jul 2011,140633586X,9781406335866,"174,346","London, United Kingdom",Not known,Not available,Not available,w. ill.
12-17,176 pages,English,127 x 186 x 14mm | 170g,Walker Books Ltd,03 Jul 2006,1406302163,9781406302165,"238,774","London, United Kingdom",New edition,New edition,Not available,Not available
12-17,144 pages,English,144 x 182 x 11mm | 142g,Walker Books Ltd,01 Aug 2006,1406302155,9781406302158,"226,319","London, United Kingdom",New edition,New edition,Not available,Not available
12-17,160 pages,English,127 x 185 x 12mm | 152g,Walker Books Ltd,01 Sep 2006,1406302309,9781406302301,"200,834","London, United Kingdom",New edition,New edition,Not available,Not available
12-17,176 pages,English,136 x 184 x 15.24mm | 146g,Walker Books Ltd,18 Jul 2014,1406335886,9781406335880,"239,049","London, United Kingdom",Not known,Not available,Not available,w. ill.
Not known,256 pages,Not known,Not known,Scholastic India Pvt Ltd,01 Aug 2014,935103299X,9789351032991,Not available,India,Not known,Not available,Not available,Not available
9+,416 pages,English,169 x 191 x 31mm | 440g,SCHOLASTIC,18 Jul 2012,Not known,9781407124414,"5,497","London, United Kingdom",Not known,Not available,Not available,w. ill.
9-12,144 pages,English,135.64 x 191.01 x 9.65mm | 131.54g,Scholastic US,01 Sep 1999,0439049962,9780439049962,"6,526","New York, United States",Not known,Not available,Not available,w. numerous ill.
9-12,159 pages,Spanish,134.62 x 193.04 x 9.91mm | 140.61g,SCHOLASTIC INFANTIL,01 Feb 2000,0439049989,9780439049986,"4,085","New York, United States",Reissue,Not available,Scholastic US,w. numerous ill.
12-17,512 pages,English,129 x 198 x 27mm | 414g,Scholastic,22 May 2006,Not known,9780439950435,"177,525","London, United Kingdom",Not known,Not available,Not available,Not available
12-17,144 pages,English,132 x 199 x 10mm | 130g,Scholastic,17 Mar 2000,Not known,9780439014571,"60,522","London, United Kingdom",Not known,Not available,Not available,illustrations
12-17,144 pages,English,128 x 196 x 10mm | 130g,Scholastic,16 Jun 2000,Not known,9780439995443,"32,523","London, United Kingdom",Not known,Not available,Not available,illustrations
12-17,176 pages,English,130 x 197 x 12mm | 145g,Scholastic,13 Feb 2004,043997772X,9780439977722,"44,433","London, United Kingdom",Not known,Not available,Not available,Illustrations
Not known,176 pages,Not known,129 x 198 x 12mm | 238g,Scholastic,05 Mar 2007,0439951348,9780439951340,"557,485","London, United Kingdom",Not known,Not available,Not available,Not available
12-17,304 pages,English,129 x 198 x 18mm | 380g,Scholastic,29 Aug 2012,1407132741,9781407132747,"93,055","London, United Kingdom",Not known,Not available,Not available,illustrations
12-17,224 pages,English,136 x 200 x 21mm | 300g,Scholastic,04 Jun 2013,Not known,9781407134673,"98,649","London, United Kingdom",Not known,Not available,Not available,Not available
9-12,144 pages,English,147.32 x 216.41 x 15.75mm | 412.77g,Scholastic US,01 Oct 2007,0545027276,9780545027274,"904,669","New York, NY, United States",Collector's Edn.,Not available,Blue Sky Press,Not available
10+,240 pages,English,138 x 204 x 25mm | 318g,Penguin Random House Children's UK,05 Nov 2014,Not known,9780141357027,"8,783","London, United Kingdom",Not known,Not available,Puffin,w. numerous comics
9-12,208 pages,English,139 x 208 x 24mm | 396g,Penguin Random House Children's UK,31 Mar 2010,0141331011,9780141331010,"40,092","London, United Kingdom",Not known,Not available,Puffin,Not available
9-12,240 pages,English,138 x 204 x 25mm | 314g,Penguin Random House Children's UK,17 Nov 2010,0141331984,9780141331980,"3,636","London, United Kingdom",Not known,Not available,Puffin,w. numerous ill.
8+,240 pages,English,129 x 198 x 25mm | 314g,Penguin Books Ltd,06 Nov 2013,0141350679,9780141350677,"11,613","London, United Kingdom",Not known,Not available,Puffin Books,Not available
8+,224 pages,English,129 x 198 x 22.86mm | 306g,Penguin Books Ltd,16 Nov 2011,0141341882,9780141341880,"2,327","London, United Kingdom",Not known,Not available,Puffin Books,Integrated black and white
8+,240 pages,English,138 x 204 x 25mm | 317g,Penguin Random House Children's UK,05 Nov 2014,Not known,9780141354217,"19,716","London, United Kingdom",Not known,Not available,Puffin,With numerous ill.
9-12,224 pages,English,129 x 198 x 14mm | 159g,Penguin Random House Children's UK,05 Feb 2009,Not known,9780141324913,"8,109","London, United Kingdom",Not known,Not available,Puffin,w. ill.
11+,224 pages,English,138 x 204 x 24mm | 305g,Penguin Random House Children's UK,03 Nov 2015,Not known,9780141365091,"6,122","London, United Kingdom",Not known,Not available,Puffin,w. comics
8+,224 pages,English,138 x 204 x 24mm | 301g,Penguin Random House Children's UK,01 Nov 2016,Not known,9780141373010,"3,530","London, United Kingdom",Not known,Not available,Puffin,Not available
9+,240 pages,English,138 x 204 x 25mm | 314g,Penguin Books Ltd (UK),14 Nov 2012,Not known,9780141344980,"5,581","London, United Kingdom",Trade Paperback.,Not available,Puffin,Not available
0-5,28 pages,English,161 x 200 x 28mm | 455g,Priddy Books,10 Jul 2013,1849158371,9781849158374,"1,737,438","London, United Kingdom",Not known,Not available,Not available,Not available
0-5,16 pages,Not known,300 x 150mm,Ragged Bears,03 Jan 1998,1857141229,9781857141221,Not available,"Somerset, United Kingdom",Not known,Not available,Not available,colour illustrations
12-17,14 pages,English,170 x 240 x 25mm | 436g,Bonnier Books Ltd,01 May 2014,Not known,9781781978115,"1,566,524","Sywell, United Kingdom",Not known,Not available,Igloo Books Ltd,Not available
0-5,12 pages,English,185 x 185 x 20mm | 466g,Really Decent Books,07 Oct 2014,1909090859,9781909090859,"1,196,132","Bath, United Kingdom",Not known,Not available,Not available,Not available
Not known,16 pages,Not known,191 x 191mm,Not known,01 Jun 2002,1842505491,9781842505496,Not available,United Kingdom,Not known,Not available,Not available,Col.ill.
Not known,12 pages,Not known,190 x 190mm | 332g,Reader's Digest Children's Books Ltd,01 Feb 1999,1840880791,9781840880793,Not available,"Bath, United Kingdom",Not known,Not available,Not available,colour and b&w illustrations
0-5,68 pages,Not known,216 x 217mm | 490g,Usborne Publishing Ltd,28 Jun 2002,0746053088,9780746053089,Not available,"London, United Kingdom",Not known,Not available,Not available,colour illustrations
0-5,5 pages,Not known,215 x 215 x 13mm | 380g,Parragon,01 Mar 2007,1405481773,9781405481779,Not available,"Bath, United Kingdom",Not known,Not available,Parragon Book Service Ltd,Not available
Not known,10 pages,English,144 x 226 x 12mm | 210g,Usborne Publishing Ltd,31 May 2018,Not known,9781474945585,"43,525","London, United Kingdom",Not known,Not available,Not available,full colour throughout
0-5,8 pages,English,155 x 179 x 12.7mm | 204.12g,Anness Publishing,01 Oct 2014,1861473915,9781861473912,"685,519",United Kingdom,Not known,Not available,Armadillo Books,illustrations throughout
0-5,12 pages,Not known,156 x 176 x 15mm | 280g,Usborne Publishing Ltd,26 Sep 2008,0746097794,9780746097793,"1,040,205","London, United Kingdom",Not known,Not available,Not available,full colour illustrations throughout
0-5,12 pages,English,160 x 160 x 13mm | 150g,Usborne Publishing Ltd,30 Jun 2000,0746041012,9780746041017,"1,986,800","London, United Kingdom",Not known,Not available,Not available,colour illustrations
0-5,14 pages,English,171 x 187 x 14mm | 224g,Hachette Children's Group,03 Jan 2008,Not known,9781846167843,"29,521","London, United Kingdom",Not known,Not available,Orchard Books,Not available
0-5,16 pages,English,164 x 164 x 9mm | 149g,Andersen Press Ltd,16 Jun 1994,086264495X,9780862644956,"93,697","London, United Kingdom",Not known,Not available,Not available,colour and b&w illustrations
0-5,10 pages,English,170 x 170 x 12mm | 229g,Bloomsbury Publishing PLC,16 Jan 2006,0747575363,9780747575368,Not available,"London, United Kingdom",Not known,Not available,Not available,chiefly col. Illustrations
0-5,10 pages,English,180 x 180 x 10.16mm | 181.44g,SPCK Publishing,01 Aug 2016,074596558X,9780745965581,"1,402,220",United Kingdom,New edition,New edition,Lion Children's Books,illustrations
0-5,10 pages,Not known,180 x 180 x 12mm | 257g,Egmont UK Ltd,14 Jul 2014,0603570496,9780603570490,Not available,"London, United Kingdom",Not known,Not available,Dean & Son,Not available
Not known,Not known,Not known,Not known,Not known,Not known,Not known,Not known,Not available,Not known,Not known,Not available,Not available,Not available
0-5,26 pages,English,178 x 180 x 17mm | 299g,Hachette Children's Group,02 Jun 2011,1444903950,9781444903959,"129,234","London, United Kingdom",Not known,Not available,Hodder Children's Books,4-colour throughout
0-5,18 pages,English,177 x 177 x 17mm | 294g,Pan MacMillan,03 Sep 2010,0230747752,9780230747753,"110,137","London, United Kingdom",Illustrated edition,Illustrated,MACMILLAN CHILDREN'S BOOKS,18 colour illustrations
0-5,18 pages,English,180 x 180 x 17mm | 348g,Pan Macmillan,01 Nov 2015,1447287894,9781447287896,"13,052","London, United Kingdom",Reprint,Not available,Macmillan Children's Books,illustrations
0-5,10 pages,English,187 x 188 x 20mm | 390g,Pan MacMillan,03 Jul 2014,1447267079,9781447267072,"268,018","London, United Kingdom",Illustrated edition,Illustrated,MACMILLAN CHILDREN'S BOOKS,w. numerous col. ill. and 5 puzzles
0-5,16 pages,English,206 x 210 x 17mm | 319g,Pan MacMillan,24 Mar 2015,1447282523,9781447282525,"504,999","London, United Kingdom",Main Market Ed,Not available,MACMILLAN CHILDREN'S BOOKS,Not available
0-5,6 pages,English,209 x 209 x 15mm | 349g,Pan MacMillan,15 Apr 2011,0230753167,9780230753167,"200,428","London, United Kingdom",Main Market Ed.,Not available,MACMILLAN CHILDREN'S BOOKS,With numerous col. ill.
Not known,14 pages,English,193 x 200 x 20mm | 448g,Bonnier Books Ltd,01 Dec 2017,1786707713,9781786707710,"3,628,963","Sywell, United Kingdom",Not known,Not available,Igloo Books Ltd,cased cover; cased cover
0-5,18 pages,English,210 x 232 x 23mm | 548g,Usborne Publishing Ltd,29 Apr 2005,0746067038,9780746067031,"649,098","London, United Kingdom",Not known,Not available,Not available,colour illustrations
Not known,12 pages,English,260 x 260 x 15mm | 364g,Centum Books,12 Mar 2020,191076454X,9781910764541,"2,667,097","Torquay, United Kingdom",Not known,Not available,Centum Publishing Ltd,20
Not known,Not known,Not known,Not known,Not known,Not known,Not known,Not known,Not available,Not known,Not known,Not available,Not available,Not available
Not known,,English,Not known,HarperCollins Publishers,03 Jan 2013,0007935277,9780007935277,Not available,"London, United Kingdom",Not known,Not available,HarperCollins Publishers Ltd,Not available
Not known,,Not known,Not known,HarperCollins Publishers,08 Jun 2013,0007935196,9780007935192,Not available,"London, United Kingdom",Not known,Not available,HarperCollins Publishers Ltd,Not available
0-5,10 pages,English,220 x 220 x 14mm | 236g,Walker Books Ltd,02 Feb 2009,1406319473,9781406319477,"40,931","London, United Kingdom",Not known,Not available,Not available,chiefly col. illustrations
0-5,10 pages,No linguistic content,178 x 182 x 17mm | 360g,Bonnier Books Ltd,01 Mar 2013,0857809679,9780857809674,"1,490,034","Sywell, United Kingdom",Not known,Not available,Igloo Books Ltd,Not available
0-5,32 pages,English,250 x 250 x 5mm | 250g,Nosy Crow Ltd,10 Jan 2013,0857630784,9780857630780,"16,690","London, United Kingdom",Not known,Not available,Not available,chiefly col. Illustrations
Not known,32 pages,English,236 x 264 x 4mm | 195g,Andersen Press Ltd,01 Jul 2018,1783446323,9781783446322,"63,492","London, United Kingdom",Reprint,Not available,Not available,Not available
Not known,80 pages,English,133 x 194 x 6mm | 113g,Scholastic US,31 Oct 2017,1338163000,9781338163001,"44,313","New York, United States",Not known,Not available,Not available,"Illustrations, unspecified"
Not known,10 pages,English,197 x 200 x 14mm | 304g,Pan Macmillan,08 Feb 2018,1509842748,9781509842742,"133,945","London, United Kingdom",Main Market Ed,Not available,Campbell Books Ltd,Not available
0-5,12 pages,English,245 x 247 x 17mm | 476g,Pan Macmillan,07 Aug 2009,0230713106,9780230713109,"2,780,870","London, United Kingdom",Illustrated edition,Illustrated,Campbell Books Ltd,Not available
0-5,12 pages,English,150 x 260 x 13mm | 332g,Imagine That Publishing Ltd,05 Jul 2016,1782448918,9781782448914,"2,125,194",United Kingdom,Not known,Not available,Top That! Publishing Ltd,Not available
Not known,Not known,Not known,Not known,Not known,Not known,Not known,Not known,Not available,Not known,Not known,Not available,Not available,Not available
Not known,32 pages,Not known,250 x 250 x 12mm | 351g,Pan MacMillan,02 Feb 2007,1405053119,9781405053112,Not available,"London, United Kingdom",Illustrated edition,Illustrated,MACMILLAN CHILDREN'S BOOKS,Not available
