isbn,Series,name,Rating,Review,Type of Book,Age Level,Grade Level,Lexile Score,Number of Pages,Language,Size,Publisher,Publication Date,ISBN 10,ISBN 13,Author ,Author 2,Author 3,Main Image,Image 2,Image 3
9780439136358,,"Harry Potter and the Prisoner of Azkaban (Harry Potter, Book 3) (3)",4.9,"80,827",Hardcover,"8+ years, from customers",4 - 7,880L,435 pages,English,6.25 x 1.5 x 9.5 inches,Scholastic,"October 1, 1999",439136350,978-0439136358,J.K. Rowling,Mary GrandPré,Not known,https://m.media-amazon.com/images/I/51-rbiAIiRL._US218_.jpg,https://m.media-amazon.com/images/I/41FyNq2e1kL._US218_.jpg,https://m.media-amazon.com/images/I/310BcUXm1jL._US218_.jpg
9781476789873,,Rush Revere and the American Revolution: Time-Travel Adventures With Exceptional Americans,4.9,"4,873",Hardcover,"7 - 11 years, from customers",4 - 7,710L,256 pages,English,5.5 x 1 x 8.25 inches,Threshold Editions,"October 28, 2014",1476789878,978-1476789873,Rush Limbaugh,Kathryn Adams Limbaugh,Not known,https://m.media-amazon.com/images/I/51ZdxcBEXoL._US218_.jpg,https://m.media-amazon.com/images/I/519i7-8InsL._US218_.jpg,https://m.media-amazon.com/images/I/31BAnTg9efL._US218_.jpg
9780448489322,,Love from The Very Hungry Caterpillar (The World of Eric Carle),4.8,"4,609",Hardcover,"1 - 3 years, from customers",Not known,180L,32 pages,English,5.81 x 0.41 x 7.06 inches,World of Eric Carle,"December 15, 2015",448489325,978-0448489322,Eric Carle,Not known,Not known,https://m.media-amazon.com/images/I/41jZK5rDWpL._US218_.jpg,https://m.media-amazon.com/images/I/31CxUzFkO6L._US218_.jpg,https://m.media-amazon.com/images/I/31L8oByV18L._US218_.jpg
9780545261241,,The Wonky Donkey,4.8,"80,177",Paperback,"2 - 5 years, from customers",Preschool - Kindergarten,AD990L,24 pages,English,8.8 x 0.2 x 8.6 inches,Scholastic Paperbacks,"May 1, 2010",545261244,978-0545261241,Craig Smith,Ms. Katz Cowley,Not known,https://m.media-amazon.com/images/I/51cHCkvvKiL._US218_.jpg,https://m.media-amazon.com/images/I/51EPSms5yBL._US218_.jpg,https://m.media-amazon.com/images/I/31O5iEqRCfL._US218_.jpg
9781938298073,,What Do You Do With an Idea? — New York Times best seller,4.8,"5,490",Hardcover,"3 - 7 years, from customers",1 - 2,AD490L,36 pages,English,10 x 0.5 x 9 inches,Compendium,"February 1, 2014",1938298071,978-1938298073,Kobi Yamada,Mae Besom,Not known,https://m.media-amazon.com/images/I/41RgDLC3wLL._US218_.jpg,https://m.media-amazon.com/images/I/319bfk4+GvL._US218_.jpg,https://m.media-amazon.com/images/I/31pAaB054BL._US218_.jpg
9781419723834,,Making Faces: A First Book of Emotions,4.7,"2,858",Board book,"1 - 2 years, from customers",Preschool and up,Not known,14 pages,English,7 x 0.45 x 7 inches,Abrams Appleseed,"May 30, 2017",1419723839,978-1419723834,Abrams Appleseed,Not known,Not known,https://m.media-amazon.com/images/I/51THSCtdsKL._US218_.jpg,https://m.media-amazon.com/images/I/51pxGxj0G0S._US218_.jpg,https://m.media-amazon.com/images/I/31r-+ohD2RL._US218_.jpg
9780062667137,,I Believe I Can,4.9,"1,045",Hardcover,"2 - 8 years, from customers",Preschool - 3,Not known,32 pages,English,10.2 x 0.5 x 10.2 inches,Balzer + Bray,"March 3, 2020",62667130,978-0062667137,Grace Byers,Keturah A. Bobo,Not known,https://m.media-amazon.com/images/I/511laxewl8L._US218_.jpg,https://m.media-amazon.com/images/I/31zoGQwHz-L._US218_.jpg,https://m.media-amazon.com/images/I/31rB0g66+WL._US218_.jpg
9781931636858,,My Mouth Is A Volcano,4.8,"5,372",Paperback,"4 - 7 years, from customers",Kindergarten - 3,AD600L,32 pages,English,8.8 x 0.1 x 7.7 inches,National Center for Youth Issues,"October 1, 2005",1931636850,978-1931636858,Julia Cook,Carrie Hartman,Not known,https://m.media-amazon.com/images/I/51ANPXZ0iqL._US218_.jpg,https://m.media-amazon.com/images/I/61OrjsmLqSL._US218_.jpg,https://m.media-amazon.com/images/I/31TTYTAnUgL._US218_.jpg
9780062438898,,The Legend of Rock Paper Scissors,4.9,"3,023",Hardcover,"4 - 8 years, from customers",Preschool - 3,AD670L,48 pages,English,10.25 x 0.25 x 11.25 inches,Balzer + Bray,"April 4, 2017",62438891,978-0062438898,Drew Daywalt,Adam Rex,Not known,https://m.media-amazon.com/images/I/515waJv1bIL._US218_.jpg,https://m.media-amazon.com/images/I/41Csq51pUXL._US218_.jpg,https://m.media-amazon.com/images/I/410G310l4BL._US218_.jpg
9781452173801,,Last Week Tonight with John Oliver Presents: A Day in the Life of Marlon Bundo (HBO),4.9,"16,669",Hardcover,"2 - 7 years, from customers",1 - 3,Not known,40 pages,English,10.25 x 0.5 x 10.25 inches,Chronicle Books,"March 18, 2018",145217380X,978-1452173801,Jill Twiss,Marlon Bundo,EG (Gerald Kelley) Keller,https://m.media-amazon.com/images/I/41gwQuKbaOL._US218_.jpg,https://m.media-amazon.com/images/I/41Cv1jCMzsL._US218_.jpg,https://m.media-amazon.com/images/I/410lPVPzNzL._US218_.jpg
9781939754660,,Awesome Science Experiments for Kids: 100+ Fun STEM / STEAM Projects and Why They Work (Awesome STEAM Activities for Kids),4.7,"15,058",Paperback,"5 - 9 years, from customers",3 - 6,920L,254 pages,English,8.5 x 0.7 x 9 inches,Rockridge Press,"February 13, 2018",9781939754660,978-1939754660,Crystal Chatterton,Not known,Not known,https://m.media-amazon.com/images/I/51Kpl9LAEuL._US218_.jpg,https://m.media-amazon.com/images/I/418vy3kqb+L._US218_.jpg,https://m.media-amazon.com/images/I/412bdD6iAEL._US218_.jpg
9783314015441,,The Rainbow Fish,4.8,"5,530",Paperback,"1 - 4 years, from customers",Not known,Not known,Not known,English,8.46 x 0.2 x 11.42 inches,North-South Books (Nord-Sud Ve,"January 1, 2012",3314015445,978-3314015441,Marcus Pfister,Not known,Not known,https://m.media-amazon.com/images/I/51QMpUbu8DL._US218_.jpg,https://m.media-amazon.com/images/I/410sX9DWboL._US218_.jpg,https://m.media-amazon.com/images/I/415EU2wFNKL._US218_.jpg
9781783449729,,Proudest Blue,4.9,"3,159",Paperback,"3 - 8 years, from customers",Not known,Not known,Not known,English,10.04 x 0.2 x 10.04 inches,bangbird,Not known,1783449721,978-1783449729,Ibtihaj Muhammad,Not known,Not known,https://m.media-amazon.com/images/I/51lJm9sY0TL._US218_.jpg,https://m.media-amazon.com/images/I/41WJYGNRO+L._US218_.jpg,https://m.media-amazon.com/images/I/415Zc5LKftL._US218_.jpg
9781400314232,,"The World Needs Who You Were Made to Be, Christmas",4.9,"6,997",Hardcover,"1 - 7 years, from customers",1 - 2,Not known,32 pages,English,9.3 x 0.36 x 11.2 inches,Thomas Nelson,"November 10, 2020",1400314232,978-1400314232,Joanna Gaines,Julianna Swaney,Not known,https://m.media-amazon.com/images/I/51OLw8k1-cL._US218_.jpg,https://m.media-amazon.com/images/I/41gzRWVxQVL._US218_.jpg,https://m.media-amazon.com/images/I/416mMD9NOoL._US218_.jpg
9781452170336,,Tiny T. Rex and the Impossible Hug,4.8,"5,752",Hardcover,"2 - 5 years, from customers",Preschool - Kindergarten,AD460L,48 pages,English,9.3 x 0.6 x 9.35 inches,Chronicle Books,"March 5, 2019",1452170339,978-1452170336,Jonathan Stutzman,Jay Fleck,Not known,https://m.media-amazon.com/images/I/51S3Aqa2FHL._US218_.jpg,https://m.media-amazon.com/images/I/319CgCiNwpL._US218_.jpg,https://m.media-amazon.com/images/I/418ESlBrgvL._US218_.jpg
9781933718002,,The Kissing Hand (The Kissing Hand Series),4.9,"7,599",Hardcover,"2 - 6 years, from customers",Preschool - 3,Not known,32 pages,English,8 x 0.4 x 10 inches,Tanglewood,"October 15, 1993",9781933718002,978-1933718002,Audrey Penn,Ruth Harper,Not known,https://m.media-amazon.com/images/I/51R27R4XSKL._US218_.jpg,https://m.media-amazon.com/images/I/51GKx5dWKjL._US218_.jpg,https://m.media-amazon.com/images/I/419LknSwlqL._US218_.jpg
9780689807480,,"Good Dog, Carl : A Classic Board Book",4.9,"2,912",Board book,"1 - 3 years, from customers",Preschool and up,Not known,36 pages,English,4.31 x 0.8 x 5.63 inches,Little Simon,"February 1, 1996",689807481,978-0689807480,"Alexandra Day(Author, Illustrator)",Not known,Not known,https://m.media-amazon.com/images/I/51jMYbR4ziL._US218_.jpg,https://m.media-amazon.com/images/I/51HIJeeusZL._US218_.jpg,https://m.media-amazon.com/images/I/41ABrASAGyL._US218_.jpg
9780008164621,,The Midnight Gang [Paperback],4.7,"11,805",Paperback,"8 - 11 years, from customers",Not known,Not known,Not known,English,5.08 x 1.5 x 7.8 inches,HARPER COLLINS,"November 22, 2016",8164622,978-0008164621,WALLIAMS DAVID,Not known,Not known,https://m.media-amazon.com/images/I/518U8yKsCrS._US218_.jpg,https://m.media-amazon.com/images/I/51jtCURQ0YL._US218_.jpg,https://m.media-amazon.com/images/I/41auiRyuJoL._US218_.jpg
9788172345198,,The Diary of a Young Girl,4.7,"42,099",Paperback,Not known,Not known,Not known,280 pages,English,7.99 x 10 x 1.85 inches,Prakash Book Depot,"February 2, 2015",8172345194,978-8172345198,Anne Frank,Not known,Not known,https://m.media-amazon.com/images/I/41zswOGxk9S._US218_.jpg,https://m.media-amazon.com/images/I/415T7YazI+L._US218_.jpg,https://m.media-amazon.com/images/I/41BdArsfLbL._US218_.jpg
9781406394023,,Rain Before Rainbows,4.6,"1,317",Paperback,"3 - 7 years, from customers",Not known,Not known,Not known,English,9.84 x 0.2 x 11.02 inches,WALKER BOOKS,"May 1, 2021",1406394025,978-1406394023,Halls  Smriti,Not known,Not known,https://m.media-amazon.com/images/I/61m8u07DwDL._US218_.jpg,https://m.media-amazon.com/images/I/51rzLDkjEoL._US218_.jpg,https://m.media-amazon.com/images/I/41cbL61aNYL._US218_.jpg
9781452150130,,They All Saw a Cat (Brendan Wenzel),4.8,"2,814",Hardcover,"2 - 5 years, from customers",Preschool - Kindergarten,AD310L,44 pages,English,9.5 x 0.5 x 11.5 inches,Chronicle Books,"August 30, 2016",1452150133,978-1452150130,Brendan Wenzel,Not known,Not known,https://m.media-amazon.com/images/I/41Qo1cquOSL._US218_.jpg,https://m.media-amazon.com/images/I/41W52iNQvVL._US218_.jpg,https://m.media-amazon.com/images/I/41CnAW8ulgL._US218_.jpg
9780689711732,,"Alexander and the Terrible, Horrible, No Good, Very Bad Day",4.8,"6,673",Paperback,"3 - 7 years, from customers",4 - 6,AD840L,32 pages,English,10 x 0.2 x 7.5 inches,Atheneum Books for Young Readers,"July 15, 1987",689711735,978-0689711732,Judith Viorst,Ray Cruz,Not known,https://m.media-amazon.com/images/I/51vk-8OK7lL._US218_.jpg,https://m.media-amazon.com/images/I/5123IIwredL._US218_.jpg,https://m.media-amazon.com/images/I/41cPqZ5n63L._US218_.jpg
9781338732870,,The Ickabog,4.7,"18,139",Hardcover,"9+ years, from customers",3 and up,1090L,304 pages,English,6.25 x 1.25 x 9.5 inches,Scholastic Inc.,"November 10, 2020",1338732870,978-1338732870,J. K. Rowling,Not known,Not known,https://m.media-amazon.com/images/I/41ICsxRxTaL._US218_.jpg,https://m.media-amazon.com/images/I/41ku29ETUjL._US218_.jpg,https://m.media-amazon.com/images/I/41EGOZN9mPL._US218_.jpg
9780755501502,,The Great Realisation: The post-pandemic poem that has captured the hearts of millions,4.8,"1,372",Hardcover,4 - 7 years,Not known,Not known,Not known,English,8.9 x 0.35 x 8.9 inches,Egmont,"September 3, 2020",755501500,978-0755501502,Tomos Roberts (Tomfoolery),Not known,Not known,https://m.media-amazon.com/images/I/51rZrGdOnkL._US218_.jpg,https://m.media-amazon.com/images/I/41vxlmtVXOL._US218_.jpg,https://m.media-amazon.com/images/I/41EjQLMhvRL._US218_.jpg
9781783704231,,The Colour Monster,4.8,"6,021",Paperback,2 - 6 years,Not known,Not known,Not known,English,9.76 x 0.28 x 9.8 inches,Templar Publishing,"January 1, 1823",1783704233,978-1783704231,Not known,Not known,Not known,https://m.media-amazon.com/images/I/51mslLglcoL._US218_.jpg,https://m.media-amazon.com/images/I/317a-aIgIcL._US218_.jpg,https://m.media-amazon.com/images/I/41EZZkS-fqL._US218_.jpg
9780316126441,,The Jolly Postman,4.8,"4,947",Hardcover,"2 - 7 years, from customers",Preschool - 3,NP,32 pages,English,8 x 0.5 x 10.5 inches,LB Kids,"September 1, 2001",274999218,978-0316126441,Allan Ahlberg,Janet Ahlberg,Not known,https://m.media-amazon.com/images/I/51CQmjIz27S._US218_.jpg,https://m.media-amazon.com/images/I/51cTu2bKdMS._US218_.jpg,https://m.media-amazon.com/images/I/41g1PMsqVbS._US218_.jpg
9781402255441,,The Girl Who Never Made Mistakes: A Growth Mindset Book for Kids to Promote Self Esteem,4.7,"2,890",Hardcover,"5 - 8 years, from customers",Preschool - 3,AD520L,32 pages,English,11.25 x 0.33 x 8.75 inches,Sourcebooks Jabberwocky,"October 1, 2011",1402255446,978-1402255441,Mark Pett,Gary Rubinstein,Not known,https://m.media-amazon.com/images/I/51e5XQgfwNL._US218_.jpg,https://m.media-amazon.com/images/I/41iFQVRqpOL._US218_.jpg,https://m.media-amazon.com/images/I/41GIUeN21RL._US218_.jpg
9781472906090,,How Are You Feeling Today?,4.6,"1,245",Hardcover,2 - 6 years,Not known,Not known,Not known,English,9.92 x 0.35 x 10.08 inches,Bloomsbury Publishing India Pvt Limited,"July 17, 2014",1472906098,978-1472906090,Molly Potter,Not known,Not known,https://m.media-amazon.com/images/I/61RMCw+DdrL._US218_.jpg,https://m.media-amazon.com/images/I/41WdnWwzuaL._US218_.jpg,https://m.media-amazon.com/images/I/41gqmibabuL._US218_.jpg
9780545581608,,Dog Man: From the Creator of Captain Underpants (Dog Man #1),4.8,"21,294",Hardcover,"6 - 9 years, from customers",2 - 4,GN390L,240 pages,English,5.75 x 0.75 x 8.5 inches,Graphix,"August 30, 2016",545581605,978-0545581608,"Dav Pilkey(Author, Illustrator)",Not known,Not known,https://m.media-amazon.com/images/I/41Y8g8S276L._US218_.jpg,https://m.media-amazon.com/images/I/51g3OQL52BL._US218_.jpg,https://m.media-amazon.com/images/I/41Iv1NP0hkL._US218_.jpg
9780330439725,,Hatchet,4.7,"23,894",Paperback,"9+ years, from customers",Not known,Not known,160 pages,English,5.12 x 0.43 x 7.8 inches,Pan Childrens,"January 1, 2005",9780330439725,978-0330439725,Gary Paulsen,Not known,Not known,https://m.media-amazon.com/images/I/41pBN8vYy-L._US218_.jpg,https://m.media-amazon.com/images/I/51Wce-gsvDL._US218_.jpg,https://m.media-amazon.com/images/I/41KO-wFKPSL._US218_.jpg
9780394809373,,The Foot Book (The Bright and Early Books for Beginning Beginners),4.8,"10,738",Hardcover,"1 - 4 years, from customers",Not known,NP,36 pages,English,6.75 x 0.3 x 9.31 inches,Random House Books for Young Readers,"October 12, 1968",394809378,978-0394809373,Dr. Seuss,Not known,Not known,https://m.media-amazon.com/images/I/41dGk57DgBL._US218_.jpg,https://m.media-amazon.com/images/I/51hlwBb8WFL._US218_.jpg,https://m.media-amazon.com/images/I/41L+QEdQ12L._US218_.jpg
9781783446353,,After the Fall,4.8,"3,930",Paperback,"3 - 9 years, from customers",Not known,Not known,Not known,English,8.66 x 0.2 x 11.02 inches,RHUK,Not known,9781783446353,978-1783446353,RHUK,Not known,Not known,https://m.media-amazon.com/images/I/51m9-n23PtL._US218_.jpg,https://m.media-amazon.com/images/I/413JR8K7mQL._US218_.jpg,https://m.media-amazon.com/images/I/41l3n-5TOcL._US218_.jpg
9781554537044,,The Most Magnificent Thing,4.8,"3,921",Hardcover,"3 - 7 years, from customers",Preschool - 2,AD380L,32 pages,English,9.25 x 1.5 x 9.25 inches,Kids Can Press,"August 1, 2013",1554537045,978-1554537044,"Ashley Spires(Author, Illustrator)",Not known,Not known,https://m.media-amazon.com/images/I/514W6VxluVL._US218_.jpg,https://m.media-amazon.com/images/I/41bwLix+KtS._US218_.jpg,https://m.media-amazon.com/images/I/41LFzsQKALL._US218_.jpg
9780545935203,,Dog Man Unleashed: From the Creator of Captain Underpants (Dog Man #2),4.8,"20,298",Hardcover,"6 - 9 years, from customers",2 - 4,GN320L,224 pages,English,6 x 0.75 x 8.5 inches,Graphix,"December 27, 2016",545935202,978-0545935203,"Dav Pilkey(Author, Illustrator)",Not known,Not known,https://m.media-amazon.com/images/I/51A490Wdp9L._US218_.jpg,https://m.media-amazon.com/images/I/51HIHSJ7fWL._US218_.jpg,https://m.media-amazon.com/images/I/41mpTUwM6YL._US218_.jpg
9781452178592,,Press Here (Herve Tullet),4.8,"14,154",Board book,"2 - 4 years, from customers",Preschool - Kindergarten,AD480L,46 pages,English,6 x 1 x 6.05 inches,Chronicle Books,"February 19, 2019",1452178593,978-1452178592,Herve Tullet,Not known,Not known,https://m.media-amazon.com/images/I/41MLqGrdOuL._US218_.jpg,https://m.media-amazon.com/images/I/41ius2gdwVL._US218_.jpg,https://m.media-amazon.com/images/I/41PwMLbs6zL._US218_.jpg
9780688149000,,Freight Train Board Book: A Caldecott Honor Award Winner (Caldecott Collection),4.8,"1,767",Board book,"1 - 3 years, from customers",Preschool - 3,NP0L,26 pages,English,6 x 0.5 x 5.5 inches,Greenwillow Books,"September 20, 1996",688149006,978-0688149000,"Donald Crews(Author, Illustrator)",Not known,Not known,https://m.media-amazon.com/images/I/51sW7Zw8nEL._US218_.jpg,https://m.media-amazon.com/images/I/51qV1Ee-0zL._US218_.jpg,https://m.media-amazon.com/images/I/41QJ558YCRL._US218_.jpg
9781848773929,,Pirates Next Door,4.8,"1,012",Paperback,"2 - 5 years, from customers",Not known,670L,Not known,English,9.69 x 0.2 x 11.34 inches,Templar,"January 1, 2012",1848773927,978-1848773929,Jonny Duddle,Not known,Not known,https://m.media-amazon.com/images/I/51DncrWwojL._US218_.jpg,https://m.media-amazon.com/images/I/51FD6DKhmaL._US218_.jpg,https://m.media-amazon.com/images/I/41qJnvNWRnL._US218_.jpg
9780152020132,,I Like Myself!,4.8,"3,557",Hardcover,"1 - 4 years, from customers",Preschool - 3,Not known,32 pages,English,10.46 x 9.04 x 0.38 inches,Clarion Books,"May 1, 2004",152020136,978-0152020132,Karen Beaumont,David Catrow,Not known,https://m.media-amazon.com/images/I/51AyMqVeGXL._US218_.jpg,https://m.media-amazon.com/images/I/51sApRFBC-L._US218_.jpg,https://m.media-amazon.com/images/I/41qzaza+fqL._US218_.jpg
9781797207605,,Mix It Up!: Board Book Edition (Herve Tullet),4.7,"3,500",Board book,"2 - 4 years, from customers",Preschool - Kindergarten,Not known,46 pages,English,6 x 1 x 5.95 inches,Chronicle Books,"May 25, 2021",1797207601,978-1797207605,Herve Tullet,Not known,Not known,https://m.media-amazon.com/images/I/41WiZGbDIdL._US218_.jpg,https://m.media-amazon.com/images/I/51AX7eztZTL._US218_.jpg,https://m.media-amazon.com/images/I/41RoU9GPpcL._US218_.jpg
9781338189575,,The Bad Guys in Intergalactic Gas (The Bad Guys #5) (5),4.9,"4,387",Paperback,"7 - 9 years, from customers",2 - 5,550L,144 pages,English,5.9 x 0.5 x 7.4 inches,Scholastic Paperbacks,"December 26, 2017",1338189573,978-1338189575,Aaron Blabey,Not known,Not known,https://m.media-amazon.com/images/I/51mECnE0w8L._US218_.jpg,https://m.media-amazon.com/images/I/51fwzrTblJL._US218_.jpg,https://m.media-amazon.com/images/I/41ROZVMITxL._US218_.jpg
9780545175340,,Captain Underpants and the Terrifying Return of Tippy Tinkletrousers (Captain Underpants #9) (9),4.8,"4,326",Hardcover,"6 - 9 years, from customers",Not known,850L,304 pages,English,5.75 x 0.75 x 8.5 inches,Scholastic Inc.,"August 28, 2012",9780545175340,978-0545175340,"Dav Pilkey(Author, Illustrator)",Not known,Not known,https://m.media-amazon.com/images/I/61w3Z4ih8YL._US218_.jpg,https://m.media-amazon.com/images/I/51pFqRgXB7L._US218_.jpg,https://m.media-amazon.com/images/I/41siZRwNUsL._US218_.jpg
9781465477026,,An Anthology of Intriguing Animals (DK Children's Anthologies),4.9,"2,989",Hardcover,"3 - 8 years, from customers",2 - 4,IG910L,224 pages,English,8.75 x 1.08 x 11.13 inches,DK Children,"October 2, 2018",1465477020,978-1465477026,DK,Not known,Not known,https://m.media-amazon.com/images/I/61T5Hdk98oL._US218_.jpg,https://m.media-amazon.com/images/I/51FjzzyWlRL._US218_.jpg,https://m.media-amazon.com/images/I/41TyVHK7bbL._US218_.jpg
9780008164706,,THE ICE MONSTER,4.8,"11,731",Paperback,7 - 12 years,Not known,Not known,496 pages,English,5.08 x 1.46 x 7.8 inches,HARPER COLLINS,"January 7, 2020",8164703,978-0008164706,WALLIAMS DAVID,Not known,Not known,https://m.media-amazon.com/images/I/51TXbs1gJ3L._US218_.jpg,https://m.media-amazon.com/images/I/41NvKop-cfL._US218_.jpg,https://m.media-amazon.com/images/I/41ukTq1qz1L._US218_.jpg
9781646118366,,My First Book of Planets: All About the Solar System for Kids,4.8,"14,746",Paperback,"3 - 6 years, from customers",Not known,570L,68 pages,English,8 x 0.18 x 8 inches,Rockridge Press,"June 16, 2020",1646118367,978-1646118366,Bruce Betts PhD,Not known,Not known,https://m.media-amazon.com/images/I/51LVS9-Vk0L._US218_.jpg,https://m.media-amazon.com/images/I/61QjCiBWmBL._US218_.jpg,https://m.media-amazon.com/images/I/41UOFeQMZRL._US218_.jpg
9780545935210,,Dog Man: A Tale of Two Kitties: From the Creator of Captain Underpants (Dog Man #3),4.8,"18,848",Hardcover,"7 - 9 years, from customers",2 - 4,GN260L,256 pages,English,5.75 x 1 x 8.5 inches,Graphix,"August 29, 2017",545935210,978-0545935210,"Dav Pilkey(Author, Illustrator)",Not known,Not known,https://m.media-amazon.com/images/I/51G51ip9ONL._US218_.jpg,https://m.media-amazon.com/images/I/51M0Y7a+x8L._US218_.jpg,https://m.media-amazon.com/images/I/41uwKTnN59L._US218_.jpg
9780064432276,,The Important Book,4.7,"1,075",Paperback,"4 - 9 years, from customers",Preschool - 3,AD460L,24 pages,English,7.38 x 0.12 x 10 inches,HarperCollins,"May 19, 1999",64432270,978-0064432276,Margaret Wise Brown,Leonard Weisgard,Not known,https://m.media-amazon.com/images/I/51BX-RXC0FL._US218_.jpg,https://m.media-amazon.com/images/I/41QhghqSmoL._US218_.jpg,https://m.media-amazon.com/images/I/41wST+DayTL._US218_.jpg
9780670913503,,Hairy MacLary from Donaldson's Dairy,4.8,"2,369",Board book,"1 - 4 years, from customers",Not known,Not known,36 pages,English,5.43 x 1.02 x 7.05 inches,Penguin Books,"January 1, 2002",9780670913503,978-0670913503,Lynley Dodd,Not known,Not known,https://m.media-amazon.com/images/I/51RWho+LG+L._US218_.jpg,https://m.media-amazon.com/images/I/31g-X-0cjQL._US218_.jpg,https://m.media-amazon.com/images/I/41WyM+CzeFL._US218_.jpg
9780316199988,,The Adventures of Beekle: The Unimaginary Friend (Caldecott Medal Winner),4.7,"1,303",Hardcover,"2 - 7 years, from customers",Preschool - 3,AD480L,40 pages,English,8.88 x 0.5 x 11.38 inches,"Little, Brown Books for Young Readers","April 8, 2014",316199982,978-0316199988,Dan Santat,Not known,Not known,https://m.media-amazon.com/images/I/51BzWGHRhGL._US218_.jpg,https://m.media-amazon.com/images/I/618slN+srCL._US218_.jpg,https://m.media-amazon.com/images/I/41YDD3kJ07L._US218_.jpg
9781481469098,,Not Quite Narwhal (Not Quite Narwhal and Friends),4.9,"1,767",Hardcover,"3 - 5 years, from customers",Preschool - 3,AD590L,40 pages,English,9 x 0.4 x 9 inches,Simon & Schuster Books for Young Readers,"February 14, 2017",1481469096,978-1481469098,"Jessie Sima(Author, Illustrator)",Not known,Not known,https://m.media-amazon.com/images/I/51aoBcKuQZL._US218_.jpg,https://m.media-amazon.com/images/I/41OtBkoKGjL._US218_.jpg,https://m.media-amazon.com/images/I/41YiZX7k3gL._US218_.jpg
9781844281695,,The Dot,4.8,"5,159",Not known,"4 - 7 years, from customers",Not known,Not known,Not known,English,7.87 x 0.2 x 9.84 inches,Walker Childrens Paperbacks,"October 4, 2004",9781844281695,978-1844281695,Peter H. Reynolds,Not known,Not known,https://m.media-amazon.com/images/I/51-Mioa1CDS._US218_.jpg,https://m.media-amazon.com/images/I/519jKmF1zbL._US218_.jpg,https://m.media-amazon.com/images/I/41YTvQos7oL._US218_.jpg
9781492674313,,P Is for Pterodactyl: The Worst Alphabet Book Ever,4.8,"9,711",Hardcover,"3 - 10 years, from customers",Preschool - 3,AD710L,40 pages,English,11.25 x 0.35 x 8.75 inches,Sourcebooks Explore,"November 13, 2018",1492674311,978-1492674313,Raj Haldar,Chris Carpenter,Maria Beddia,https://m.media-amazon.com/images/I/51Q+29FcphL._US218_.jpg,https://m.media-amazon.com/images/I/512dJ2DrVlL._US218_.jpg,https://m.media-amazon.com/images/I/51-sinaghpL._US218_.jpg
9781595620279,,How Full Is Your Bucket? For Kids,4.9,"2,669",Hardcover,"3 - 7 years, from customers",Preschool - 4,AD560L,32 pages,English,10.5 x 0.6 x 10.5 inches,Gallup Press,"April 1, 2009",1595620273,978-1595620279,Tom Rath,Mary Reckmeyer,Maurie J. Manning,https://m.media-amazon.com/images/I/51LInrz+B3L._US218_.jpg,https://m.media-amazon.com/images/I/31ZIlhvRFoL._US218_.jpg,https://m.media-amazon.com/images/I/510enSIDP9L._US218_.jpg
9781409563945,,Look Inside Our World,4.9,"2,711",Hardcover,9 - 12 years,Not known,Not known,Not known,English,7.95 x 0.75 x 8.86 inches,USBORNE CAT ANG,"January 8, 2016",1409563944,978-1409563945,Emily Bone,Marianna Oklejak,Not known,https://m.media-amazon.com/images/I/61DcJEis8GL._US218_.jpg,https://m.media-amazon.com/images/I/519gaiOTnXL._US218_.jpg,https://m.media-amazon.com/images/I/5137HJ6WwyL._US218_.jpg
9780316475112,,Little Leaders: Bold Women in Black History (Vashti Harrison),4.9,"12,128",Hardcover,"4 - 9 years, from customers",3 - 7,1050L,96 pages,English,7.55 x 0.45 x 9.05 inches,"Little, Brown Books for Young Readers","December 5, 2017",316475114,978-0316475112,Vashti Harrison,Not known,Not known,https://m.media-amazon.com/images/I/41qS2xBeBhL._US218_.jpg,https://m.media-amazon.com/images/I/51Hiz0MciBL._US218_.jpg,https://m.media-amazon.com/images/I/515+-anvopL._US218_.jpg
9780316362382,,Hello Lighthouse (Caldecott Medal Winner),4.8,"1,579",Hardcover,"2 - 6 years, from customers",Preschool - 3,AD510L,48 pages,English,7.5 x 0.5 x 12.06 inches,"Little, Brown Books for Young Readers","April 10, 2018",316362387,978-0316362382,Sophie Blackall,Not known,Not known,https://m.media-amazon.com/images/I/513nbncdXiL._US218_.jpg,https://m.media-amazon.com/images/I/51n-Z5Di-OL._US218_.jpg,https://m.media-amazon.com/images/I/517agfyqe-L._US218_.jpg
9780688040741,,A Chair for My Mother: A Caldecott Honor Award Winner (Reading Rainbow Books),4.8,"1,140",Paperback,"3+ years, from customers",Kindergarten - 3,Not known,32 pages,English,8.25 x 0.25 x 10.5 inches,Greenwillow Books,"January 23, 2007",688040748,978-0688040741,"Vera B Williams(Author, Illustrator)",Not known,Not known,https://m.media-amazon.com/images/I/51wFT1Xb7nL._US218_.jpg,https://m.media-amazon.com/images/I/51HwfhNY2ZL._US218_.jpg,https://m.media-amazon.com/images/I/517HELfmWNL._US218_.jpg
9781492670025,,The Complete Cookbook for Young Chefs: 100+ Recipes that You'll Love to Cook and Eat,4.8,"21,098",Hardcover,"8 - 11 years, from customers",4 - 8,IG960L,208 pages,English,7.25 x 0.77 x 9.25 inches,Sourcebooks Explore,"October 16, 2018",1492670022,978-1492670025,America’s Test Kitchen Kids,Not known,Not known,https://m.media-amazon.com/images/I/51lBzXjtMeL._US218_.jpg,https://m.media-amazon.com/images/I/51RWy3O0x3L._US218_.jpg,https://m.media-amazon.com/images/I/517uuBsQGTL._US218_.jpg
9780241345849,,Look Up!,4.8,"2,416",Paperback,2 - 5 years,Not known,Not known,32 pages,English,9.17 x 0.16 x 11.26 inches,Puffin,"June 13, 2019",241345847,978-0241345849,Nathan Bryon,Not known,Not known,https://m.media-amazon.com/images/I/513xNt-NqSL._US218_.jpg,https://m.media-amazon.com/images/I/41svj4jkHDL._US218_.jpg,https://m.media-amazon.com/images/I/51av+nHIHPL._US218_.jpg
9781409523383,,Space (Look Inside) - UK English,4.8,"3,415",Hardcover,Not known,Not known,Not known,Not known,English,8.74 x 7.8 x 0.83 inches,Usborne,"January 1, 2012",1409523381,978-1409523383,Rob Lloyd Jones,Not known,Not known,https://m.media-amazon.com/images/I/5156tKFAdyL._US218_.jpg,https://m.media-amazon.com/images/I/51WvSQ-8O+L._US218_.jpg,https://m.media-amazon.com/images/I/51bfvCJD2rL._US218_.jpg
9781452150185,,"This Is How We Do It: One Day in the Lives of Seven Kids from around the World (Easy Reader Books, Children Around the World Books, Preschool Prep Books)",4.8,"3,093",Hardcover,"3 - 7 years, from customers",Kindergarten - 3,NC620L,52 pages,English,9.4 x 0.6 x 12.35 inches,Chronicle Books,"May 2, 2017",1452150184,978-1452150185,Matt Lamothe,Not known,Not known,https://m.media-amazon.com/images/I/51QXT7TsydL._US218_.jpg,https://m.media-amazon.com/images/I/51zu+XpXpCL._US218_.jpg,https://m.media-amazon.com/images/I/51BxDOBucEL._US218_.jpg
9781509824083,,Darkest Dark,4.8,"1,212",Hardcover,"4 - 7 years, from customers",Not known,Not known,Not known,English,11.02 x 0.39 x 10.91 inches,Macmillan Children's Books,Not known,9781509824083,978-1509824083,Not known,Not known,Not known,https://m.media-amazon.com/images/I/510m2FQWb-L._US218_.jpg,https://m.media-amazon.com/images/I/51pnvmzsEyL._US218_.jpg,https://m.media-amazon.com/images/I/51D+HsPqB7L._US218_.jpg
9781405294782,,The Naughtiest Unicorn (The Naughtiest Unicorn series),4.7,"2,221",Paperback,6 - 8 years,Not known,Not known,160 pages,English,5.08 x 0.55 x 7.8 inches,Egmont,"May 2, 2019",1405294787,978-1405294782,Pip Bird,Not known,Not known,https://m.media-amazon.com/images/I/51DtskXRmeL._US218_.jpg,https://m.media-amazon.com/images/I/617574dV3JL._US218_.jpg,https://m.media-amazon.com/images/I/51FCoxkOAxL._US218_.jpg
9780007323128,,"Lion, the Witch and the Wardrobe",4.7,"18,298",Paperback,"6 - 11 years, from customers",Not known,Not known,Not known,English,7.8 x 0.51 x 5.08 inches,HarperCollins Children's Books,"January 1, 2009",9780007323128,978-0007323128,CS Lewis C. S. Lewis,Not known,Not known,https://m.media-amazon.com/images/I/51QLjDXCe-L._US218_.jpg,https://m.media-amazon.com/images/I/51Epur8sDsL._US218_.jpg,https://m.media-amazon.com/images/I/51Fe1kHRGNL._US218_.jpg
9781526629807,,The World Made a Rainbow,4.8,"1,409",Paperback,Baby - 5 years,Not known,Not known,Not known,English,10.75 x 0.31 x 9.65 inches,Bloomsbury Children's Books,"September 17, 2020",1526629801,978-1526629807,Michelle Robinson,Not known,Not known,https://m.media-amazon.com/images/I/51tE+Zm0YQL._US218_.jpg,https://m.media-amazon.com/images/I/419Y9oXW7kL._US218_.jpg,https://m.media-amazon.com/images/I/51gtnp074BL._US218_.jpg
9780744531671,,Owl Babies,4.9,"4,497",Paperback,"1 - 4 years, from customers",Not known,Not known,Not known,English,10.28 x 0.12 x 8.35 inches,WALKER BOOKS,"October 16, 2012",744531675,978-0744531671,Waddell  Martin,Not known,Not known,https://m.media-amazon.com/images/I/61xd2cBIhbL._US218_.jpg,https://m.media-amazon.com/images/I/61kgmjq4MgL._US218_.jpg,https://m.media-amazon.com/images/I/51HVfXwbWWL._US218_.jpg
9781607749769,,Women in Science: 50 Fearless Pioneers Who Changed the World,4.8,"6,324",Hardcover,"7+ years, from customers",5 - 12,990L,128 pages,English,7.8 x 0.6 x 9.3 inches,Ten Speed Press,"July 26, 2016",1607749769,978-1607749769,Rachel Ignotofsky,Not known,Not known,https://m.media-amazon.com/images/I/51i5F6ZgOiL._US218_.jpg,https://m.media-amazon.com/images/I/51TJ+TXpRvL._US218_.jpg,https://m.media-amazon.com/images/I/51Ls2CJREUL._US218_.jpg
9781492642046,,"Shark Lady: The True Story of How Eugenie Clark Became the Ocean's Most Fearless Scientist (Women in Science Books, Marine Biology for Kids, Shark Gifts)",4.8,"2,063",Hardcover,"3 - 8 years, from customers",Kindergarten - 4,730L,40 pages,English,10.25 x 0.35 x 10.25 inches,Sourcebooks Explore,"June 6, 2017",1492642045,978-1492642046,Jess Keating,Marta Álvarez Miguéns,Not known,https://m.media-amazon.com/images/I/61UfUorRkEL._US218_.jpg,https://m.media-amazon.com/images/I/419AMlzh1FL._US218_.jpg,https://m.media-amazon.com/images/I/51MrcrexfyL._US218_.jpg
9781883672546,,"Hey, Little Ant",4.8,"1,138",Hardcover,"3 - 7 years, from customers",Preschool - 2,NP,32 pages,English,11.06 x 0.35 x 8.81 inches,Tricycle Press,"July 1, 1998",9781883672546,978-1883672546,Phillip M. Hoose,Hannah Hoose,Debbie Tilley,https://m.media-amazon.com/images/I/518l9jpil4L._US218_.jpg,https://m.media-amazon.com/images/I/51sE8qt2N0L._US218_.jpg,https://m.media-amazon.com/images/I/51N2d5wsfEL._US218_.jpg
9780007348695,,The Cat In The Hat,4.9,"20,372",Paperback,"2 - 6 years, from customers",Not known,Not known,64 pages,English,7.99 x 0.24 x 10.98 inches,HARPER COLLINS,"December 1, 2009",000734869X,978-0007348695,Seuss.,Not known,Not known,https://m.media-amazon.com/images/I/51SFsFp+2ZL._US218_.jpg,https://m.media-amazon.com/images/I/519IHu2koZL._US218_.jpg,https://m.media-amazon.com/images/I/51rUt05eKeL._US218_.jpg
9781787411647,,Animalium,4.8,"1,495",Hardcover,"3 - 9 years, from customers",Not known,Not known,Not known,English,10.98 x 0.67 x 14.72 inches,Templar Publishing,Not known,1787411648,978-1787411647,Jenny Broom,Not known,Not known,https://m.media-amazon.com/images/I/51W5AtKthiL._US218_.jpg,https://m.media-amazon.com/images/I/51ad-5OrEkL._US218_.jpg,https://m.media-amazon.com/images/I/51uURfU4QmL._US218_.jpg
9781452126999,,I Wish You More,4.8,"8,671",Hardcover,"2 - 8 years, from customers",Kindergarten - 3,AD280L,40 pages,English,8.5 x 0.5 x 8.5 inches,Chronicle Books,"March 31, 2015",1452126992,978-1452126999,Amy Krouse Rosenthal,Tom Lichtenheld,Not known,https://m.media-amazon.com/images/I/51fiK9n7wLL._US218_.jpg,https://m.media-amazon.com/images/I/51IZo3RDg7L._US218_.jpg,https://m.media-amazon.com/images/I/51WHRezW4pL._US218_.jpg
9780062915627,,Eyes That Kiss in the Corners,4.8,"3,586",Hardcover,"2 - 7 years, from customers",Preschool - 3,Not known,40 pages,English,9.25 x 0.5 x 11.25 inches,HarperCollins,"January 5, 2021",62915622,978-0062915627,Joanna Ho,Dung Ho,Not known,https://m.media-amazon.com/images/I/518cC86Q+CS._US218_.jpg,https://m.media-amazon.com/images/I/519zHcOm7DS._US218_.jpg,https://m.media-amazon.com/images/I/51wpb-y0vNL._US218_.jpg
9780996099936,,Have You Filled a Bucket Today?: A Guide to Daily Happiness for Kids (Bucketfilling Books),4.8,"8,458",Paperback,"3 - 6 years, from customers",Preschool - 4,650L,32 pages,English,10.75 x 0.1 x 8.25 inches,Bucket Fillers,"October 1, 2015",099609993X,978-0996099936,Carol McCloud,David Messing,Not known,https://m.media-amazon.com/images/I/518SfUs3CKL._US218_.jpg,https://m.media-amazon.com/images/I/51sB58V8MlL._US218_.jpg,https://m.media-amazon.com/images/I/51WRxOlhhAL._US218_.jpg
9781419711329,,"Diary of a Wimpy Kid: Hard Luck, Book 8",4.6,"26,249",Hardcover,"8 - 11 years, from customers",3 - 7,1020L,224 pages,English,5.75 x 1 x 8.5 inches,Harry N. Abrams,"November 5, 2013",1419711326,978-1419711329,Jeff Kinney,Not known,Not known,https://m.media-amazon.com/images/I/51WVlYqD1RL._US218_.jpg,https://m.media-amazon.com/images/I/51rG3vPsbpL._US218_.jpg,https://m.media-amazon.com/images/I/51ybCx0N9KL._US218_.jpg
9781454913948,,Even Superheroes Have Bad Days (Superheroes Are Just Like Us),4.8,"1,805",Hardcover,"3 - 6 years, from customers",Preschool - 4,AD640L,40 pages,English,8.75 x 0.25 x 11 inches,Union Square Kids,"September 6, 2016",1454913940,978-1454913948,Shelly Becker,Eda Kaban,Not known,https://m.media-amazon.com/images/I/51ZASUSuPWL._US218_.jpg,https://m.media-amazon.com/images/I/51040+KGU2L._US218_.jpg,https://m.media-amazon.com/images/I/51yCas7D1gL._US218_.jpg
9781465468482,,My Encyclopedia of Very Important Dinosaurs: Discover more than 80 Prehistoric Creatures (My Very Important Encyclopedias),4.9,"3,989",Hardcover,"3 - 6 years, from customers",Kindergarten - 4,NC930L,224 pages,English,8.75 x 1 x 10.38 inches,DK Children,"September 11, 2018",146546848X,978-1465468482,DK,Not known,Not known,https://m.media-amazon.com/images/I/51VDYsBtUFL._US218_.jpg,https://m.media-amazon.com/images/I/51Q-9BoUw1L._US218_.jpg,https://m.media-amazon.com/images/I/51zcdsrF8jL._US218_.jpg
9781492669739,,How to Catch a Unicorn,4.8,"34,327",Hardcover,"3 - 6 years, from customers",Kindergarten - 6,570L,40 pages,English,8.25 x 0.35 x 8.25 inches,Sourcebooks Wonderland,"March 5, 2019",1492669733,978-1492669739,Adam Wallace,Andy Elkerton,Not known,https://m.media-amazon.com/images/I/51Fi7Xu6ENL._US218_.jpg,https://m.media-amazon.com/images/I/5176pYrIpmL._US218_.jpg,https://m.media-amazon.com/images/I/51ZOgb+z-zL._US218_.jpg
9780062417107,,Kitten's First Full Moon Board Book: A Caldecott Award Winner,4.8,"1,666",Board book,"1 - 5 years, from customers",Preschool and up,450L,34 pages,English,7.2 x 0.9 x 7.1 inches,Greenwillow Books,"September 15, 2015",006241710X,978-0062417107,"Kevin Henkes(Author, Illustrator)",Not known,Not known,https://m.media-amazon.com/images/I/51ywxJPktTL._US218_.jpg,https://m.media-amazon.com/images/I/510cXVCxG6L._US218_.jpg,https://m.media-amazon.com/images/I/61jh6UwFEDL._US218_.jpg
9781925973143,,I Wish You Happiness (The Unconditional Love Series),4.8,"1,287",Paperback,"Baby - 6 years, from customers",Not known,Not known,39 pages,English,8.5 x 0.1 x 8.5 inches,Not known,"November 18, 2020",192597314X,978-1925973143,Michael Wong,"Ann Baratashvili,",David Miles,https://m.media-amazon.com/images/I/51pWfuM1kTL._US218_.jpg,https://m.media-amazon.com/images/I/218Xl-0Q0iL._US218_.jpg,
9780062667120,,I Am Enough,4.9,"11,790",Hardcover,"3 - 7 years, from customers",Preschool - 3,Not known,32 pages,English,10.1 x 10.1 x 0.6 inches,Balzer + Bray,"March 6, 2018",62667122,978-0062667120,Grace Byers,Keturah A. Bobo,Not known,https://m.media-amazon.com/images/I/51+SVDhJwML._US218_.jpg,https://m.media-amazon.com/images/I/31+in1gKDHL._US218_.jpg,
9781534421691,,You Matter,4.8,"1,753",Hardcover,"2 - 6 years, from customers",Preschool - 3,AD310L,40 pages,English,9 x 0.4 x 11 inches,Atheneum Books for Young Readers,"June 2, 2020",1534421696,978-1534421691,"Christian Robinson(Author, Illustrator)",Not known,Not known,https://m.media-amazon.com/images/I/51BGssXqt1L._US218_.jpg,https://m.media-amazon.com/images/I/31+N90wSRsL._US218_.jpg,
9780061123221,,Not a Box,4.8,"1,670",Hardcover,"2 - 5 years, from customers",Not known,Not known,32 pages,English,9.43 x 9.09 x 0.36 inches,HarperCollins,"December 12, 2006",61123226,978-0061123221,"Antoinette Portis(Author, Illustrator)",Not known,Not known,https://m.media-amazon.com/images/I/41qDoHltFlL._US218_.jpg,https://m.media-amazon.com/images/I/312y7IjNUvL._US218_.jpg,
9781408301982,,Giraffes Can't Dance,Not known,Not known,Hardcover,"2 - 6 years, from customers",Not known,Not known,Not known,English,6.89 x 2.8 x 8.39 inches,Orchard Books,"January 1, 2012",1408301989,978-1408301982,Giles Andreae,Not known,Not known,https://m.media-amazon.com/images/I/51e94vOiXVL._US218_.jpg,https://m.media-amazon.com/images/I/3151bSq1FWL._US218_.jpg,
9780374346485,,Love Monster and the Perfect Present,4.9,377,Hardcover,2 - 4 years,Preschool - Kindergarten,AD550L,32 pages,English,10.75 x 0.5 x 10.6 inches,"Farrar, Straus and Giroux (BYR)","October 14, 2014",374346488,978-0374346485,Rachel Bright,Not known,Not known,https://m.media-amazon.com/images/I/51oFbu9ssfL._US218_.jpg,https://m.media-amazon.com/images/I/319Cr6+i5RL._US218_.jpg,
9780064434164,,"Goodnight Moon / Buenas Noches, Luna (Spanish Edition)",4.8,"3,295",Paperback,"1 - 3 years, from customers",Not known,NP0L,32 pages,Spanish,10 x 0.12 x 8.5 inches,HarperCollins Espanol,"April 11, 2006",64434168,978-0064434164,Margaret Wise Brown,Clement Hurd,Not known,https://m.media-amazon.com/images/I/61jXPwTvL5L._US218_.jpg,https://m.media-amazon.com/images/I/31cxCqHT2OL._US218_.jpg,
9780763693558,,Alma and How She Got Her Name,4.9,"1,144",Hardcover,"3 - 8 years, from customers",Preschool - 3,490L,32 pages,English,9.81 x 0.38 x 9.38 inches,Candlewick,"April 10, 2018",763693553,978-0763693558,"Juana Martinez-Neal(Author, Illustrator)",Not known,Not known,https://m.media-amazon.com/images/I/41xOSoojkDL._US218_.jpg,https://m.media-amazon.com/images/I/31cZAoLCKfL._US218_.jpg,
9780439845007,,"Bob Books - Set 1: Beginning Readers Box Set | Phonics, Ages 4 and up, Kindergarten (Stage 1: Starting to Read)",4.8,"20,982",Paperback,"3 - 6 years, from customers",Preschool - 1,Not known,16 pages,English,5.6 x 1.7 x 5.7 inches,Scholastic,"May 1, 2006",439845009,978-0439845007,Bobby Lynn Maslen,John R. Maslen,Not known,https://m.media-amazon.com/images/I/51Eq4-sntyL._US218_.jpg,https://m.media-amazon.com/images/I/31Er2KTTRpL._US218_.jpg,
9780064430227,,Harold and the Purple Crayon (Purple Crayon Books),4.8,"6,483",Paperback,"2 - 5 years, from customers",Preschool - 3,440L,64 pages,English,6 x 0.25 x 7.5 inches,HarperCollins,"September 29, 2015",9780064430227,978-0064430227,"Crockett Johnson(Author, Illustrator)",Not known,Not known,https://m.media-amazon.com/images/I/51YSTWOrdDL._US218_.jpg,https://m.media-amazon.com/images/I/31fNC+arjmL._US218_.jpg,
9780307980403,,Stallion by Starlight (Magic Tree House (R) Merlin Mission),4.7,583,Hardcover,"6 - 8 years, from customers",2 - 5,500L,128 pages,English,5.88 x 0.63 x 8.56 inches,Random House Books for Young Readers,"March 26, 2013",307980405,978-0307980403,Mary Pope Osborne,Sal Murdocca,Not known,https://m.media-amazon.com/images/I/51lRPQ98gZL._US218_.jpg,https://m.media-amazon.com/images/I/31FNmem9kZL._US218_.jpg,
9780375810916,,A Color of His Own,4.8,"2,593",Board book,"1 - 4 years, from customers",Not known,640L,30 pages,English,6.81 x 0.7 x 5.38 inches,Random House,"January 1, 2000",375810919,978-0375810916,"Leo Lionni(Author, Illustrator)",Not known,Not known,https://m.media-amazon.com/images/I/516VSvbEDHL._US218_.jpg,https://m.media-amazon.com/images/I/31GRrbfWuhL._US218_.jpg,
9780141502526,,Pocket Puffin Each Peach Pear Plum,4.8,"4,490",Paperback,"1 - 3 years, from customers",Not known,Not known,32 pages,English,5.6 x 0.15 x 4.19 inches,Puffin,"November 25, 2008",141502525,978-0141502526,Janet Ahlberg,Allan Ahlberg,Not known,https://m.media-amazon.com/images/I/61-bN8pl9jL._US218_.jpg,https://m.media-amazon.com/images/I/31I2Ka7ByQL._US218_.jpg,
9781582464503,,The Invisible Boy,4.8,"4,014",Hardcover,"5 - 8 years, from customers",1 - 4,AD680L,40 pages,English,7.76 x 5.08 x 0.17 inches,Knopf Books for Young Readers,"October 8, 2013",1582464502,978-1582464503,Trudy Ludwig,Patrice Barton,Not known,https://m.media-amazon.com/images/I/51Ib1uey6CL._US218_.jpg,https://m.media-amazon.com/images/I/31i8H50fLBL._US218_.jpg,
9781596434028,,A Sick Day for Amos McGee,4.9,"1,245",Hardcover,"2 - 5 years, from customers",Preschool - 1,AD760L,32 pages,English,9.65 x 0.4 x 8.85 inches,Roaring Brook Press,"May 25, 2010",1596434023,978-1596434028,Philip C. Stead,Erin E. Stead,Not known,https://m.media-amazon.com/images/I/510etdPlnTL._US218_.jpg,https://m.media-amazon.com/images/I/31IThU5ifsL._US218_.jpg,
9780399246531,,The Day You Begin,4.9,"7,280",Hardcover,"5 - 8 years, from customers",Kindergarten - 3,AD980L,32 pages,English,9.33 x 0.4 x 10.76 inches,Nancy Paulsen Books,"August 28, 2018",399246533,978-0399246531,Jacqueline Woodson,Rafael López,Not known,https://m.media-amazon.com/images/I/61BV6jUe6aL._US218_.jpg,https://m.media-amazon.com/images/I/31jHwbylOLL._US218_.jpg,
9781554512119,,The Paper Bag Princess (Board Book Abridged),4.5,"5,987",Board book,"2 - 6 years, from customers",Not known,AD550L,28 pages,English,6 x 0.63 x 6 inches,Annick Press,"September 1, 2009",1554512115,978-1554512119,Robert Munsch,Michael Martchenko,Not known,https://m.media-amazon.com/images/I/61e6IkiYagL._US218_.jpg,https://m.media-amazon.com/images/I/31KpPHVQgIL._US218_.jpg,
9781847807182,,The Bear and the Piano,4.8,"1,512",Paperback,"2 - 5 years, from customers",Not known,Not known,Not known,English,8.7 x 0.24 x 11.77 inches,Lincoln Childrens Books,"January 1, 2016",1847807186,978-1847807182,David Litchfield,Not known,Not known,https://m.media-amazon.com/images/I/51QTcyk+B+L._US218_.jpg,https://m.media-amazon.com/images/I/31OuXZj+CLL._US218_.jpg,
9781338572315,,Be You!,4.9,"2,203",Hardcover,"3 - 7 years, from customers",Preschool - 3,500L,32 pages,English,9 x 0.5 x 11.5 inches,Orchard Books,"March 3, 2020",1338572318,978-1338572315,"Peter H. Reynolds(Author, Illustrator)",Not known,Not known,https://m.media-amazon.com/images/I/51KyCkre1OL._US218_.jpg,https://m.media-amazon.com/images/I/31pCLG8OkjL._US218_.jpg,
9780345418913,,The Hitchhiker's Guide to the Galaxy,4.4,"23,293",Paperback,Not known,Not known,930L,208 pages,English,5.44 x 0.58 x 8.16 inches,Del Rey,"June 23, 1997",345418913,978-0345418913,Douglas Adams,Not known,Not known,https://m.media-amazon.com/images/I/61VNUSVgX9L._US218_.jpg,https://m.media-amazon.com/images/I/31Sh00g7IxL._US218_.jpg,
9780142501412,,Dancing in the Wings,4.9,"3,754",Paperback,"3 - 8 years, from customers",Preschool - 3,Not known,32 pages,English,10.7 x 8.3 x 0.2 inches,Puffin Books,"December 1, 2003",142501417,978-0142501412,Debbie Allen,Kadir Nelson,Not known,https://m.media-amazon.com/images/I/51gsETI6k0L._US218_.jpg,https://m.media-amazon.com/images/I/31uAeoApTvL._US218_.jpg,
9780593203224,,Change Sings: A Children's Anthem,4.9,"4,956",Hardcover,"3 - 8 years, from customers",Preschool - 3,AD470L,32 pages,English,10.37 x 0.41 x 11.25 inches,Viking Books for Young Readers,"September 21, 2021",593203224,978-0593203224,Amanda Gorman,Loren Long,Not known,https://m.media-amazon.com/images/I/51nHCQdURmL._US218_.jpg,https://m.media-amazon.com/images/I/31VzlvAeyML._US218_.jpg,
9780762462476,,Pink Is for Boys,4.8,"1,802",Hardcover,"2 - 6 years, from customers",Preschool - 3,Not known,40 pages,English,9.25 x 0.7 x 9.65 inches,Running Press Kids,"June 5, 2018",762462477,978-0762462476,Robb Pearlman,Eda Kaban,Not known,https://m.media-amazon.com/images/I/51HRUHd2ZEL._US218_.jpg,https://m.media-amazon.com/images/I/31WCMqDEBDL._US218_.jpg,
9780060254926,,Where the Wild Things Are: A Caldecott Award Winner,4.9,"33,789",Hardcover,"1 - 5 years, from customers",Not known,AD740L,48 pages,English,9.24 x 10.4 x 0.43 inches,HarperCollins,"December 26, 2012",60254920,Not known,"Maurice Sendak(Author, Illustrator)",Not known,Not known,https://m.media-amazon.com/images/I/612cvg4xMFL._US218_.jpg,https://m.media-amazon.com/images/I/31ZSRDN4qRL._US218_.jpg,
9780152010362,,Eating the Alphabet,4.7,"2,402",Board book,"1 - 3 years, from customers",Not known,NP0L,28 pages,English,6.69 x 0.62 x 5.19 inches,Clarion Books,"April 1, 1996",015201036X,978-0152010362,"Lois Ehlert(Author, Illustrator)",Not known,Not known,https://m.media-amazon.com/images/I/51yzCsu4L5L._US218_.jpg,https://m.media-amazon.com/images/I/41+MgJxm8qL._US218_.jpg,
9780399555503,,Swimmy,4.8,"1,844",Paperback,"2 - 6 years, from customers",Preschool - 2,690L,32 pages,English,9.75 x 0.12 x 10.75 inches,Dragonfly Books,"January 17, 2017",399555501,978-0399555503,Leo Lionni,Not known,Not known,https://m.media-amazon.com/images/I/512i2HGspyL._US218_.jpg,https://m.media-amazon.com/images/I/410c5rj3BvL._US218_.jpg,
9780062422507,,"Dear Girl,: A Celebration of Wonderful, Smart, Beautiful You!",4.8,"9,100",Hardcover,"3 - 7 years, from customers",Preschool - 3,AD480L,40 pages,English,9.1 x 9.2 x 0.5 inches,HarperCollins,"December 26, 2017",62422502,978-0062422507,Amy Krouse Rosenthal,Paris Rosenthal,Holly Hatam,https://m.media-amazon.com/images/I/51JSlX893aL._US218_.jpg,https://m.media-amazon.com/images/I/413CwW+GUGL._US218_.jpg,
9780007458424,,The Hobbit,4.7,"65,010",Paperback,Not known,Not known,Not known,Not known,English,5.08 x 0.94 x 7.2 inches,HarperCollins,"January 1, 2013",9780007458424,978-0007458424,J.R.R. Tolkien,Not known,Not known,https://m.media-amazon.com/images/I/51HJMYGOdBL._US218_.jpg,https://m.media-amazon.com/images/I/417CVz75bDS._US218_.jpg,
9780307010858,,The Monster at the End of This Book,4.9,"28,601",Hardcover,"1 - 4 years, from customers",Preschool - 2,AD450L,24 pages,English,6.63 x 0.21 x 8 inches,Golden Books,"May 13, 2003",307010856,978-0307010858,Jon Stone,Michael Smollin,Not known,https://m.media-amazon.com/images/I/61Xs6x5WOwL._US218_.jpg,https://m.media-amazon.com/images/I/417SYG2RJFL._US218_.jpg,
9781492671244,,8 Little Planets: A Solar System Book for Kids with Unique Planet Cutouts,4.8,"6,311",Board book,"1 - 3 years, from customers",Preschool - Kindergarten,AD520L,18 pages,English,8 x 1 x 8 inches,Sourcebooks Explore,"October 2, 2018",9781492671244,978-1492671244,Chris Ferrie,Lizzy Doyle,Not known,https://m.media-amazon.com/images/I/51j-e3VvOVL._US218_.jpg,https://m.media-amazon.com/images/I/418nHUVEGbL._US218_.jpg,
9780358732495,,The Little Red Hen Board Book (Paul Galdone Nursery Classic),4.8,"1,555",Board book,"1 - 6 years, from customers",Preschool and up,Not known,30 pages,English,7.58 x 0.67 x 7.46 inches,Clarion Books,"November 22, 2022",358732492,978-0358732495,"Paul Galdone(Author, Illustrator)",Not known,Not known,https://m.media-amazon.com/images/I/611CFv5QCKL._US218_.jpg,https://m.media-amazon.com/images/I/419oHQbyXEL._US218_.jpg,
9781250068019,,Chocolate Me!,4.7,"3,047",Paperback,"2 - 6 years, from customers",1 - 2,Not known,40 pages,English,8.5 x 0.4 x 10.5 inches,Square Fish,"October 6, 2015",1250068010,978-1250068019,Taye Diggs,Shane W. Evans,Not known,https://m.media-amazon.com/images/I/51pj7ShjwKL._US218_.jpg,https://m.media-amazon.com/images/I/41A1m1DCoWL._US218_.jpg,
9781800604537,,The Wonderful Wizard of Oz,4.5,"9,909",Paperback,"4 - 10 years, from customers",3 - 8,1030L,126 pages,English,6 x 0.3 x 9 inches,Public Public Books,"June 10, 2020",180060453X,978-1800604537,L. Frank Baum,Not known,Not known,https://m.media-amazon.com/images/I/41lgGkaNqCL._US218_.jpg,https://m.media-amazon.com/images/I/41DFIqoaPfL._US218_.jpg,
9780141374185,,Last Stop On Market Street,4.8,"3,672",Paperback,"2 - 6 years, from customers",Not known,Not known,Not known,English,8.58 x 0.16 x 10.55 inches,PENGUIN,"December 14, 2016",141374187,978-0141374185,Pena  Matt de la,Not known,Not known,https://m.media-amazon.com/images/I/51Avgd8vGKL._US218_.jpg,https://m.media-amazon.com/images/I/41hI4d-H2sL._US218_.jpg,
9780451470799,,Corduroy,4.9,"18,003",Board book,"1 - 4 years, from customers",Not known,600L,34 pages,English,6.56 x 0.79 x 5.06 inches,Viking Books for Young Readers,"October 16, 2014",9780451470799,978-0451470799,Don Freeman,Not known,Not known,https://m.media-amazon.com/images/I/51CSQG-vbuL._US218_.jpg,https://m.media-amazon.com/images/I/41i5BhPhgzL._US218_.jpg,
9780979974625,,I Need My Monster,4.8,"1,974",Hardcover,"3 - 6 years, from customers",Kindergarten - 3,AD600L,32 pages,English,10.25 x 0.4 x 10.25 inches,Flashlight Press,"April 1, 2009",9780979974625,978-0979974625,Amanda Noll,Howard McWilliam,Not known,https://m.media-amazon.com/images/I/51KU4x4JxTL._US218_.jpg,https://m.media-amazon.com/images/I/41JzLJKnCzL._US218_.jpg,
9780711253759,,Greta & The Giants,4.8,"1,323",Paperback,"2 - 7 years, from customers",Not known,Not known,Not known,English,9.25 x 0.28 x 10.71 inches,Frances Lincoln Publishers Ltd,"January 1, 2019",711253757,978-0711253759,Zoe Tucker,Not known,Not known,https://m.media-amazon.com/images/I/512KQsMxmwL._US218_.jpg,https://m.media-amazon.com/images/I/41ML15aPsVL._US218_.jpg,
9780399231094,,The Mitten,4.8,"7,016",Board book,"1 - 5 years, from customers",Not known,600L,32 pages,English,6.19 x 0.74 x 5.06 inches,G.P. Putnam's Sons Books for Young Readers,"October 4, 1996",9780399231094,978-0399231094,Jan Brett,Not known,Not known,https://m.media-amazon.com/images/I/61x6-I+o3IL._US218_.jpg,https://m.media-amazon.com/images/I/41nw8TxLaNL._US218_.jpg,
9781529006513,,Peace at Last,4.8,"2,748",Board book,Baby - 3 years,Not known,Not known,26 pages,English,6.06 x 0.67 x 7.56 inches,Macmillan Children's Books,"January 10, 2019",1529006511,978-1529006513,Jill Murphy,Not known,Not known,https://m.media-amazon.com/images/I/51l66GLbtfL._US218_.jpg,https://m.media-amazon.com/images/I/41RkcSptvUL._US218_.jpg,
9780395259399,,Mike Mulligan and His Steam Shovel (Sandpiper Books),4.9,"2,368",Paperback,"2 - 6 years, from customers",Preschool - 3,580L,48 pages,English,9.25 x 0.12 x 8.5 inches,Clarion Books,"October 12, 1977",395259398,978-0395259399,Virginia Lee Burton,Not known,Not known,https://m.media-amazon.com/images/I/51+DZQTcdWL._US218_.jpg,https://m.media-amazon.com/images/I/41tA+LK3+EL._US218_.jpg,
9780544283299,,Five Little Monkeys Jumping on the Bed Deluxe Edition (A Five Little Monkeys Story),4.9,"4,318",Hardcover,"1 - 3 years, from customers",Preschool - 3,310L,40 pages,English,10 x 0.34 x 8 inches,Clarion Books,"October 7, 2014",544283295,978-0544283299,"Eileen Christelow(Author, Illustrator)",Not known,Not known,https://m.media-amazon.com/images/I/61bxKSFPqSL._US218_.jpg,https://m.media-amazon.com/images/I/41U+z2GImXL._US218_.jpg,
9781616205676,,The Girl Who Drank the Moon (Winner of the 2017 Newbery Medal),4.7,"26,014",Hardcover,"8 - 12 years, from customers",5 - 9,640L,400 pages,English,5.9 x 1.25 x 8.5 inches,Algonquin Young Readers,"August 9, 2016",1616205679,978-1616205676,Kelly Barnhill,Not known,Not known,https://m.media-amazon.com/images/I/51fMbVKlzNL._US218_.jpg,https://m.media-amazon.com/images/I/41umqCzYXDL._US218_.jpg,
9780593174999,,"Hello, World! Planet Earth",4.9,"1,223",Board book,"2 - 3 years, from customers",Not known,Not known,26 pages,English,7.76 x 5.08 x 0.14 inches,Doubleday Books for Young Readers,"October 6, 2020",593174992,978-0593174999,Jill McDonald,Not known,Not known,https://m.media-amazon.com/images/I/51rDz8Rr1eL._US218_.jpg,https://m.media-amazon.com/images/I/41VcJC13wTL._US218_.jpg,
9781416949114,,"Please, Baby, Please (Classic Board Books)",4.8,"5,261",Board book,"1 - 3 years, from customers",Preschool - Kindergarten,Not known,32 pages,English,6 x 0.7 x 6 inches,Little Simon,"September 18, 2007",1416949119,978-1416949114,Spike Lee,Tonya Lewis Lee,Kadir Nelson,https://m.media-amazon.com/images/I/51fAKSXpDKL._US218_.jpg,https://m.media-amazon.com/images/I/41VGtIm7-iL._US218_.jpg,
9780525514121,,"Just Ask!: Be Different, Be Brave, Be You",4.9,"3,786",Hardcover,"4 - 7 years, from customers",Preschool - 3,710L,32 pages,English,7.76 x 5.08 x 0.15 inches,Philomel Books,"September 3, 2019",525514120,978-0525514121,Sonia Sotomayor,Rafael López,Not known,https://m.media-amazon.com/images/I/51TEm91UC1L._US218_.jpg,https://m.media-amazon.com/images/I/41vtZuaiPKL._US218_.jpg,
9780571365609,,While We Can't Hug (Hedgehog & Friends),4.8,"2,772",Paperback,Baby - 5 years,Not known,Not known,Not known,English,9.92 x 0.24 x 9.92 inches,Faber & Faber,"June 25, 2020",571365604,978-0571365609,Eoin McLaughlin,Not known,Not known,https://m.media-amazon.com/images/I/51dfuxa50UL._US218_.jpg,https://m.media-amazon.com/images/I/41W5t9LsknL._US218_.jpg,
9780241562284,,Diary Of A Wimpy Kid (Book 1),4.6,"26,943",Paperback,"7 - 10 years, from customers",Not known,Not known,Not known,English,8.66 x 5.91 x 0.98 inches,Not known,Not known,241562287,978-0241562284,Not known,Not known,Not known,https://m.media-amazon.com/images/I/51o1JY0Z3mL._US218_.jpg,https://m.media-amazon.com/images/I/517dua9yNaL._US218_.jpg,
9781433828546,,Something Happened in Our Town: A Child's Story About Racial Injustice (Something Happened Series),4.8,"1,186",Hardcover,"4 - 8 years, from customers",Preschool - 3,AD540L,40 pages,English,8.1 x 0.4 x 10.1 inches,Magination Press,"April 4, 2018",1433828545,978-1433828546,Marianne Celano PhD,Marietta Collins PhD,Ann Hazzard PhD,https://m.media-amazon.com/images/I/61c4sXutkvL._US218_.jpg,https://m.media-amazon.com/images/I/51bqVrUnv5L._US218_.jpg,
9780356500843,,Ender's Game,4.6,"39,644",Paperback,"6 - 13 years, from customers",Not known,Not known,Not known,English,5.12 x 0.94 x 7.72 inches,HACHETTE INDIA,"January 1, 2011",9780356500843,978-0356500843,ORSON CARD,Not known,Not known,https://m.media-amazon.com/images/I/51t9Y4zun9L._US218_.jpg,https://m.media-amazon.com/images/I/51eFl0lfkJL._US218_.jpg,
9780241530412,,Rowley Jefferson's Awesome Friendly Spooky Stories,4.7,"8,769",Paperback,"7 - 11 years, from customers",Not known,Not known,Not known,English,5.08 x 0.59 x 7.8 inches,PENGUIN,"July 13, 2022",241530415,978-0241530412,Kinney Jeff,Not known,Not known,https://m.media-amazon.com/images/I/51p4Z0WI2JL._US218_.jpg,https://m.media-amazon.com/images/I/51F+fsNhxrL._US218_.jpg,
9781250071811,,Your Baby's First Word Will Be DADA,4.7,"15,176",Board book,"Baby - 2 years, from customers",Not known,NP,34 pages,English,6.55 x 0.65 x 6.45 inches,Feiwel & Friends,"June 9, 2015",125007181X,978-1250071811,Jimmy Fallon,Miguel Ordóñez,Not known,https://m.media-amazon.com/images/I/51d86cWth0L._US218_.jpg,https://m.media-amazon.com/images/I/51OlmRqpygL._US218_.jpg,
9780312527594,,"See, Touch, Feel: A First Sensory Book",4.8,"10,146",Board book,"Baby - 1 year, from customers",Not known,Not known,16 pages,English,9.2 x 0.95 x 8.3 inches,Priddy Books US,"September 25, 2018",312527594,978-0312527594,Roger Priddy,Not known,Not known,https://m.media-amazon.com/images/I/51QM2+Zrf2L._US218_.jpg,https://m.media-amazon.com/images/I/51y2fG2yjXL._US218_.jpg,
9780973410457,,It's OK to be Different: A Children's Picture Book About Diversity and Kindness,4.8,"5,709",Paperback,"2 - 6 years, from customers",Kindergarten - 3,Not known,29 pages,English,8.5 x 0.07 x 8.5 inches,Not known,"September 19, 2019",973410450,978-0973410457,Sharon Purtill,Sujata Saha,Not known,https://m.media-amazon.com/images/I/51Gs+HSNHxL._US218_.jpg,https://m.media-amazon.com/images/I/51YV3+GaE7L._US218_.jpg,
9780241326336,,The Firework-Maker's Daughter,4.6,"1,598",Paperback,Not known,Not known,Not known,Not known,English,5.08 x 0.31 x 7.8 inches,Puffin,Not known,241326338,978-0241326336,PHILIP PULLMAN,Not known,Not known,https://m.media-amazon.com/images/I/511WSb2odZL._US218_.jpg,https://m.media-amazon.com/images/I/51ZrJ7bbXHL._US218_.jpg,
9781730970672,,A Christmas Carol,4.7,"24,711",Paperback,"6+ years, from customers",Not known,Not known,70 pages,English,6 x 0.18 x 9 inches,Not known,"November 7, 2018",1730970672,978-1730970672,Charles Dickens,Not known,Not known,https://m.media-amazon.com/images/I/41A+XRrzWmL._US218_.jpg,https://m.media-amazon.com/images/I/61SnIQ3LtEL._US218_.jpg,
9780439708180,,Harry Potter and the Sorcerer's Stone,5,2,Paperback,"7+ years, from customers",Not known,Not known,784 pages,English,Not known,Scholastic Paperbacks,"January 1, 1999",439708184,978-0439708180,J. K. Rowling,Not known,Not known,https://m.media-amazon.com/images/I/31x8gOdtRCL._US218_.jpg,,
9780803741713,,The Book with No Pictures,4.8,"18,893",Hardcover,"3 - 6 years, from customers",Kindergarten - 3,490L,48 pages,English,8.44 x 0.48 x 10.38 inches,Rocky Pond Books,"September 30, 2014",141361794,978-0803741713,B. J. Novak,Not known,Not known,https://m.media-amazon.com/images/I/41-7wT9ak8L._US218_.jpg,,
9781484732748,,"The Trials of Apollo, Book 1: The Hidden Oracle",4.7,"22,180",Hardcover,"10 - 12 years, from customers",5 - 9,680L,384 pages,English,5.8 x 1.3 x 8.5 inches,Disney Hyperion,"May 3, 2016",148473274X,978-1484732748,Rick Riordan,Not known,Not known,https://m.media-amazon.com/images/I/41+KlyG76VL._US218_.jpg,,
9781338760880,,Clifford the Big Red Dog (Board Book),4.8,"2,653",Board book,"1 - 4 years, from customers",Preschool - Kindergarten,AD180L,20 pages,English,4.75 x 0.75 x 6.75 inches,Scholastic Inc.,"September 7, 2021",1338760882,978-1338760880,"Norman Bridwell(Author, Illustrator)",Not known,Not known,https://m.media-amazon.com/images/I/417z-EsVxDL._US218_.jpg,,
9781447262923,,Fudge Two Books In One,4.7,"11,392",Paperback,"8 - 9 years, from customers",Not known,Not known,Not known,English,7.76 x 0.51 x 5.12 inches,PAN MACMILLAN,Not known,1447262921,978-1447262923,JUDY BLUME,Not known,Not known,https://m.media-amazon.com/images/I/41aMJrWP+NL._US218_.jpg,,
9781442402980,,Creepy Pair of Underwear! (Creepy Tales!),4.9,"4,854",Hardcover,"3 - 6 years, from customers",Preschool - 3,AD470L,48 pages,English,9 x 0.5 x 12 inches,Simon & Schuster Books for Young Readers,"August 15, 2017",1442402989,978-1442402980,Aaron Reynolds,Peter Brown,Not known,https://m.media-amazon.com/images/I/41dlcuo83OL._US218_.jpg,,
9780735229358,,The Rabbit Listened,4.9,"4,228",Hardcover,"2 - 6 years, from customers",Not known,AD450L,40 pages,English,10.38 x 0.4 x 10.25 inches,Dial Books,"February 20, 2018",073522935X,978-0735229358,"Cori Doerrfeld(Author, Illustrator)",Not known,Not known,https://m.media-amazon.com/images/I/41K3GDcVtXL._US218_.jpg,,
9780439738194,,"May I Please Have a Cookie? (Scholastic Readers, Level 1)",4.8,"6,287",Paperback,"2 - 5 years, from customers",Preschool - 3,250L,32 pages,English,6.25 x 0.25 x 9.25 inches,Cartwheel Books,"October 1, 2005",439738199,978-0439738194,"Jennifer E. Morris(Author, Illustrator)",Not known,Not known,https://m.media-amazon.com/images/I/41l7xK-eo9L._US218_.jpg,,
9780008567125,,Tolkien:The Fellowship of the Ring,4.3,45,Not known,Not known,Not known,Not known,Not known,Not known,Not known,Not known,Not known,Not known,Not known,Not known,Not known,Not known,https://m.media-amazon.com/images/I/41p35Ldd5vL._US218_.jpg,,
9780152060572,,Ten Little Fingers and Ten Little Toes,4.8,"2,625",Hardcover,"1 - 3 years, from customers",Not known,AD550L,40 pages,English,9.48 x 11.04 x 0.39 inches,Clarion Books,"October 1, 2008",015206057X,978-0152060572,Mem Fox,Helen Oxenbury,Not known,https://m.media-amazon.com/images/I/41PPg2THOZL._US218_.jpg,,
9780375869020,,Wonder,4.7,"82,988",Hardcover,"9 - 11 years, from customers",3 - 7,790L,320 pages,English,5.69 x 1.25 x 8.56 inches,Knopf Books for Young Readers,"February 14, 2012",375969020,978-0375869020,R. J. Palacio,Not known,Not known,https://m.media-amazon.com/images/I/41YjzRHO31L._US218_.jpg,,
9781426308468,,National Geographic Little Kids First Big Book of Dinosaurs (National Geographic Little Kids First Big Books),4.8,"14,817",Hardcover,"3 - 5 years, from customers",Preschool - Kindergarten,NC660L,128 pages,English,10.17 x 0.53 x 10.17 inches,National Geographic Kids,"October 11, 2011",1426308469,978-1426308468,Catherine D. Hughes,Not known,Not known,https://m.media-amazon.com/images/I/51-Hiuj0nZL._US218_.jpg,,
9780141363929,,Trials Of Apollo Bk 1 The Hidden Oracle,4.7,"22,180",Paperback,"10+ years, from customers",Not known,680L,Not known,English,7.8 x 5.08 x 0.94 inches,PENGUIN,"April 20, 2017",9780141363929,978-0141363929,Riordan Rick,Not known,Not known,https://m.media-amazon.com/images/I/510VDD-a+TL._US218_.jpg,,
9780593349663,,Charlie and the Chocolate Factory: The Golden Edition,4.7,"17,780",Paperback,"6 - 9 years, from customers",3 - 7,810L,192 pages,English,5.13 x 0.49 x 7.75 inches,Viking Books for Young Readers,"May 4, 2021",593349660,978-0593349663,Roald Dahl,Quentin Blake,Not known,https://m.media-amazon.com/images/I/510ybIgT29L._US218_.jpg,,
9780142425381,,Matilda: Broadway Tie-In,4.7,"19,274",Paperback,"6 - 10 years, from customers",3 - 7,840L,256 pages,English,5.13 x 0.68 x 7.75 inches,Viking Books for Young Readers,"February 7, 2013",142425389,978-0142425381,Roald Dahl,Quentin Blake,Not known,https://m.media-amazon.com/images/I/512IsvYT+4L._US218_.jpg,,
9780440417996,,The Name Jar,4.8,"3,877",Paperback,"5 - 9 years, from customers",Preschool - 2,AD590L,40 pages,English,8.56 x 0.14 x 11 inches,Dragonfly Books,"October 14, 2003",9780440417996,978-0440417996,"Yangsook Choi(Author, Illustrator)",Not known,Not known,https://m.media-amazon.com/images/I/513C13v3MPL._US218_.jpg,,
9781534425361,,Sulwe,4.9,"7,995",Hardcover,"3 - 8 years, from customers",Preschool - 3,AD580L,48 pages,English,9 x 0.5 x 11.38 inches,Simon & Schuster Books for Young Readers,"October 15, 2019",1534425365,978-1534425361,Lupita Nyong'o,Vashti Harrison,Not known,https://m.media-amazon.com/images/I/514+PODtPKL._US218_.jpg,,
9781432863883,,Esperanza Rising,4.7,"10,061",Paperback,"9 - 12 years, from customers",Not known,750L,256 pages,English,5.5 x 0.8 x 8.4 inches,Thorndike Press Large Print,"March 13, 2019",1432863886,978-1432863883,Pam Munoz Ryan,Not known,Not known,https://m.media-amazon.com/images/I/51677BbxptL._US218_.jpg,,
9780358362616,,"The Little Mouse, the Red Ripe Strawberry, and the Big Hungry Bear",4.9,"4,820",Board book,"1 - 4 years, from customers",Not known,510L,32 pages,English,6.75 x 0.73 x 7.5 inches,Clarion Books,"September 15, 2020",035836261X,978-0358362616,Audrey Wood,Don Wood,Not known,https://m.media-amazon.com/images/I/516CpooMWkL._US218_.jpg,,
9781101918715,,Narwhal: Unicorn of the Sea (A Narwhal and Jelly Book #1),4.8,"2,189",Paperback,"5 - 8 years, from customers",1 - 4,AD490L,64 pages,English,6.06 x 0.28 x 8.31 inches,Tundra Books,"October 4, 2016",1101918713,978-1101918715,Ben Clanton,Not known,Not known,https://m.media-amazon.com/images/I/517f4rsM3RL._US218_.jpg,,
9781536202908,,Jabari Jumps,4.9,"3,529",Paperback,"3 - 6 years, from customers",Preschool - 3,Not known,32 pages,English,9.81 x 0.14 x 11.38 inches,Candlewick,"April 7, 2020",1536202908,978-1536202908,"Gaia Cornwall(Author, Illustrator)",Not known,Not known,https://m.media-amazon.com/images/I/518YREYhBoL._US218_.jpg,,
9781250079473,,"Arnie, the Doughnut (The Adventures of Arnie the Doughnut, 1)",4.9,"1,772",Paperback,"4 - 8 years, from customers",2 - 3,AD600L,40 pages,English,9 x 0.1 x 11 inches,Square Fish,"May 10, 2016",9781250079473,978-1250079473,"Laurie Keller(Author, Illustrator)",Not known,Not known,https://m.media-amazon.com/images/I/5191fyLJWsL._US218_.jpg,,
9780141335735,,THE SON OF NEPTUNE (HEROES OF OLYMPUS BOOK 2),4.8,"25,544",Paperback,"9+ years, from customers",Not known,640L,Not known,English,7.8 x 5.08 x 1.28 inches,PENGUIN,"September 19, 2012",9780141335735,978-0141335735,RIORDAN RICK,Not known,Not known,https://m.media-amazon.com/images/I/51AlD+DHttL._US218_.jpg,,
9780062691194,,New Kid: A Newbery Award Winner,4.7,"8,821",Paperback,"9 - 12 years, from customers",3 - 7,GN320L,256 pages,English,6 x 0.64 x 9 inches,Quill Tree Books,"February 5, 2019",62691198,978-0062691194,"Jerry Craft(Author, Illustrator)",Not known,Not known,https://m.media-amazon.com/images/I/51B8+RiLYZL._US218_.jpg,,
9781408849828,,You Can't Take An Elephant On the Bus,4.6,"1,743",Paperback,2 - 6 years,Not known,Not known,Not known,English,9.65 x 0.16 x 10.79 inches,Bloomsbury Childrens,"January 1, 2015",1408849828,978-1408849828,Patricia Cleveland-Peck,Not known,Not known,https://m.media-amazon.com/images/I/51BjxcSrF4L._US218_.jpg,,
9780786837397,,My Truck Is Stuck!,4.7,"2,018",Board book,"1 - 3 years, from customers",Preschool - Kindergarten,AD420L,30 pages,English,7.05 x 1.25 x 5 inches,"Little, Brown Books for Young Readers","February 1, 2006",078683739X,978-0786837397,Kevin Lewis,Daniel Kirk,Not known,https://m.media-amazon.com/images/I/51buJkJf4AL._US218_.jpg,,
9780593380062,,Can I Be Your Dog?,4.8,"1,688",Paperback,"3 - 6 years, from customers",Preschool - 2,530L,40 pages,English,10 x 0.16 x 10 inches,Dragonfly Books,"February 8, 2022",593380061,978-0593380062,Troy Cummings,Not known,Not known,https://m.media-amazon.com/images/I/51CcJ9LHriS._US218_.jpg,,
9780142410363,,James and the Giant Peach,4.7,"7,852",Paperback,"5 - 9 years, from customers",3 - 7,790L,146 pages,English,7.6 x 5 x 0.5 inches,Penguin Young Readers Group,"August 16, 2007",142410365,978-0142410363,Roald Dahl,Quentin Blake,Not known,https://m.media-amazon.com/images/I/51cHrLMCvkL._US218_.jpg,,
9781848126473,,Girl Who Drank The Moon,4.7,"26,014",Paperback,"8 - 12 years, from customers",Not known,Not known,Not known,English,5.08 x 1.04 x 7.8 inches,PICCADILLY PRESS,"January 1, 2017",1848126476,978-1848126473,Kelly Barnhill,Not known,Not known,https://m.media-amazon.com/images/I/51CmZgnxeXL._US218_.jpg,,
9780593115343,,Little Owl's Snow,4.8,"1,623",Board book,"1 - 3 years, from customers",Not known,AD560L,34 pages,English,5.56 x 0.72 x 7.06 inches,Viking Books for Young Readers,"October 13, 2020",593115341,978-0593115343,Divya Srinivasan,Not known,Not known,https://m.media-amazon.com/images/I/51coB9Vw-nL._US218_.jpg,,
9781626726826,,After the Fall (How Humpty Dumpty Got Back Up Again),4.8,"3,930",Hardcover,"3 - 9 years, from customers",Not known,AD550L,40 pages,English,8.84 x 0.47 x 11.12 inches,Roaring Brook Press,"October 3, 2017",1626726825,978-1626726826,"Dan Santat(Author, Illustrator)",Not known,Not known,https://m.media-amazon.com/images/I/51CszFfu7AL._US218_.jpg,,
9781408340479,,The Squirrels Who Squabbled,4.8,"5,209",Paperback,2 - 6 years,Not known,Not known,Not known,English,11.42 x 0.47 x 7.87 inches,HACHETTE UK,"January 1, 2018",140834047X,978-1408340479,Rachel Bright,Not known,Not known,https://m.media-amazon.com/images/I/51dzJVdlQ1L._US218_.jpg,,
9780688128975,,Lilly's Purple Plastic Purse,4.8,"1,471",Hardcover,"3 - 6 years, from customers",Preschool - 4,600L,32 pages,English,8.5 x 0.5 x 10.5 inches,Greenwillow Books,"January 24, 2006",688128971,978-0688128975,"Kevin Henkes(Author, Illustrator)",Not known,Not known,https://m.media-amazon.com/images/I/51eGfgTW5pL._US218_.jpg,,
9781523500383,,Paint by Sticker Kids: Under the Sea: Create 10 Pictures One Sticker at a Time!,4.8,"8,038",Paperback,"5 - 8 years, from customers",Kindergarten - 4,Not known,44 pages,English,9 x 0.25 x 9 inches,Workman Publishing Company,"May 16, 2017",1523500387,978-1523500383,Workman Publishing,Not known,Not known,https://m.media-amazon.com/images/I/51G2xeaIlfL._US218_.jpg,,
9781484746431,,"Burning Maze, The-Trials of Apollo, The Book Three",4.8,"14,150",Hardcover,10 - 14 years,5 - 9,710L,448 pages,English,5.6 x 1.4 x 8.5 inches,Disney Hyperion,"May 1, 2018",1484746430,978-1484746431,Rick Riordan,Not known,Not known,https://m.media-amazon.com/images/I/51gCKKUo4PL._US218_.jpg,,
9780141346816,,Percy Jackson and the Titan's Curse (Book 3),4.7,"28,798",Paperback,"9 - 12 years, from customers",Not known,Not known,298 pages,English,7.8 x 5.08 x 0.76 inches,PUFFIN BOOKS,"January 1, 2015",141346817,978-0141346816,RICK RIORDAN,Not known,Not known,https://m.media-amazon.com/images/I/51gmLhmCQLL._US218_.jpg,,
9780141365503,,George's Marvellous Medicine,4.6,"8,540",Paperback,"6 - 10 years, from customers",2 - 4,640L,128 pages,English,5.12 x 0.39 x 7.8 inches,Puffin,"April 26, 2016",9780141365503,978-0141365503,Roald Dahl,Quentin Blake,Not known,https://m.media-amazon.com/images/I/51gP543mjmL._US218_.jpg,,
9781444944204,,Huge Bag of Worries,4.6,"2,753",Board book,2 - 6 years,Not known,Not known,Not known,English,5.51 x 0.39 x 7.09 inches,HACHETTE,"September 20, 2018",1444944207,978-1444944204,Not known,Not known,Not known,https://m.media-amazon.com/images/I/51GzrLriMNL._US218_.jpg,,
9781442402973,,Creepy Carrots! (Creepy Tales!),4.8,"4,871",Hardcover,"3 - 6 years, from customers",Preschool - 3,AD490L,40 pages,English,9 x 0.5 x 12 inches,Simon & Schuster Books for Young Readers,"August 21, 2012",1442402970,978-1442402973,Aaron Reynolds,Peter Brown,Not known,https://m.media-amazon.com/images/I/51HmgKqTRyL._US218_.jpg,,
9781484746424,,"Trials of Apollo, The Book Two: Dark Prophecy, The-Trials of Apollo, The Book Two",4.7,"17,993",Hardcover,"10 - 12 years, from customers",5 - 9,700L,432 pages,English,5.85 x 1.35 x 8.6 inches,Disney Hyperion,"May 2, 2017",1484746422,978-1484746424,Rick Riordan,Not known,Not known,https://m.media-amazon.com/images/I/51iPeq+R34L._US218_.jpg,,
9780316562577,,Don't Touch My Hair!,4.9,"1,532",Paperback,"2 - 6 years, from customers",Preschool - 3,Not known,40 pages,English,8.5 x 0.4 x 11 inches,"Little, Brown Books for Young Readers","November 5, 2019",316562572,978-0316562577,Sharee Miller,Not known,Not known,https://m.media-amazon.com/images/I/51jITU3tW4L._US218_.jpg,,
9780735229860,,Islandborn,4.9,"1,224",Hardcover,"2 - 8 years, from customers",Kindergarten - 3,AD600L,48 pages,English,8.81 x 0.45 x 11.25 inches,Dial Books,"March 13, 2018",735229864,978-0735229860,Junot Díaz,Leo Espinosa,Not known,https://m.media-amazon.com/images/I/51jkLQ3I8UL._US218_.jpg,,
9780394800233,,A Fish Out of Water (Beginner Books),4.9,"1,553",Hardcover,"2 - 6 years, from customers",Preschool - 2,310L,72 pages,English,6.75 x 0.38 x 9.31 inches,Random House Books for Young Readers,"August 12, 1961",394800230,978-0394800233,Helen Palmer,P.D. Eastman,Not known,https://m.media-amazon.com/images/I/51KbT2XFpgL._US218_.jpg,,
9781529036145,,I Am Perfectly Designed,4.8,"1,244",Paperback,Not known,Not known,Not known,Not known,English,8.54 x 0.24 x 10.98 inches,Macmillan Children's Books,Not known,1529036143,978-1529036145,Not known,Not known,Not known,https://m.media-amazon.com/images/I/51KtuuKCA2L._US218_.jpg,,
9780241389324,,DIARY OF A WIMPY KID: THE MELTDOWN (BOOK 13),4.8,"29,894",Paperback,"8 - 11 years, from customers",Not known,Not known,Not known,English,7.8 x 5.08 x 0.57 inches,PENGUIN,"August 28, 2019",241389321,978-0241389324,KINNEY JEFF,Not known,Not known,https://m.media-amazon.com/images/I/51m29DumRUL._US218_.jpg,,
9780763622626,,Library Lion,4.9,780,Hardcover,"3 - 7 years, from customers",Preschool - 3,470L,48 pages,English,10.19 x 0.47 x 11.79 inches,Candlewick,"July 25, 2006",763622621,978-0763622626,Michelle Knudsen,Kevin Hawkes,Not known,https://m.media-amazon.com/images/I/51majGu1FBL._US218_.jpg,,
9780141335766,,Heroes Of Olympus The Mark Of Athena,4.8,"31,324",Paperback,"9 - 13 years, from customers",Not known,690L,602 pages,English,7.8 x 5.08 x 1.43 inches,PUFFIN BOOKS,"January 1, 2015",141335769,978-0141335766,Riordan Rick,Not known,Not known,https://m.media-amazon.com/images/I/51mir6Py5jL._US218_.jpg,,
9780152024888,,I Ain't Gonna Paint No More!,4.9,"1,308",Hardcover,"2 - 5 years, from customers",Preschool - 3,AD410L,32 pages,English,9 x 0.38 x 10 inches,Clarion Books,"April 1, 2005",152024883,978-0152024888,Karen Beaumont,David Catrow,Not known,https://m.media-amazon.com/images/I/51n2e4T2+lL._US218_.jpg,,
9780486492834,,My Father's Dragon,4.7,"2,777",Paperback,"4 - 7 years, from customers",1 - 4,970L,96 pages,English,5.5 x 0.25 x 8.75 inches,Dover Publications,"January 15, 2014",486492834,978-0486492834,Ruth Stiles Gannett,Ruth Chrisman Gannett,Not known,https://m.media-amazon.com/images/I/51Nm4bXcAwL._US218_.jpg,,
9780689834196,,Salt in His Shoes: Michael Jordan in Pursuit of a Dream,4.8,"2,120",Paperback,"5 - 10 years, from customers",Preschool - 3,630L,32 pages,English,9 x 0.3 x 12 inches,Simon & Schuster Books for Young Readers,"November 1, 2003",689834195,978-0689834196,Deloris Jordan,Roslyn M. Jordan,Kadir Nelson,https://m.media-amazon.com/images/I/51NwKX5v-DL._US218_.jpg,,
9780679824114,,"Dinosaurs Before Dark (Magic Tree House, No. 1)",4.7,"6,569",Paperback,"5 - 8 years, from customers",1 - 4,510L,80 pages,English,5.19 x 0.21 x 7.56 inches,Random House Books for Young Readers,"July 28, 1992",9780679824114,978-0679824114,Mary Pope Osborne,Sal Murdocca,Not known,https://m.media-amazon.com/images/I/51PSLKlvl6L._US218_.jpg,,
9781408855669,,"Harry Potter and the Chamber of Secrets, Book 2",4.8,"85,611",Paperback,"9+ years, from customers",Not known,Not known,374 pages,English,5.16 x 0.94 x 7.8 inches,Bloomsbury,"March 1, 2016",1408855666,978-1408855669,Rowling J.K.,Not known,Not known,https://m.media-amazon.com/images/I/51Q9uPHKhAL._US218_.jpg,,
9780593121962,,"Random House Books for Young Readers, The World Needs More Purple People (My Purple World)",4.8,"10,309",Hardcover,"3 - 6 years, from customers",Preschool - 2,AD520L,40 pages,English,10.38 x 0.44 x 10.31 inches,Random House Books for Young Readers,"June 2, 2020",593121961,978-0593121962,Kristen Bell,Benjamin Hart,Daniel Wiseman,https://m.media-amazon.com/images/I/51QmX7S38-L._US218_.jpg,,
9781338790238,,The Christmas Pig,4.7,"8,567",Hardcover,"7 - 10 years, from customers",3 - 6,850L,288 pages,English,6.2 x 1.2 x 9.2 inches,Scholastic Inc.,"October 12, 2021",1338790234,978-1338790238,J. K. Rowling,Jim Field,Not known,https://m.media-amazon.com/images/I/51rg5EDPpDL._US218_.jpg,,
9781406386424,,Julian Is A Mermaid,4.9,"4,288",Paperback,"2 - 6 years, from customers",Not known,Not known,40 pages,English,9.84 x 0.16 x 9.09 inches,WALKER BOOKS,"July 1, 2019",1406386421,978-1406386424,Love Jessica,Not known,Not known,https://m.media-amazon.com/images/I/51RUvNmmgWL._US218_.jpg,,
9780763642846,,Those Shoes,4.8,"2,271",Paperback,"3 - 8 years, from customers",Kindergarten - 3,AD550L,40 pages,English,10.25 x 0.16 x 9.81 inches,Candlewick,"June 9, 2009",763642843,978-0763642846,Maribeth Boelts,Noah Z. Jones,Not known,https://m.media-amazon.com/images/I/51SlfezbL6L._US218_.jpg,,
9780241346884,,Little Leaders Vision Women Around World,4.9,"2,450",Paperback,"2 - 9 years, from customers",Not known,Not known,Not known,English,7.4 x 0.28 x 8.78 inches,Puffin,Not known,241346886,978-0241346884,Vashti Harrison,Not known,Not known,https://m.media-amazon.com/images/I/51sv6XXCUtL._US218_.jpg,,
9780553274295,,Where the Red Fern Grows,4.8,"16,897",Mass Market Paperback,"9 - 12 years, from customers",3 - 7,700L,249 pages,English,4.19 x 0.68 x 7 inches,Laurel Leaf,"August 1, 1984",553274295,978-0553274295,Wilson Rawls,Not known,Not known,https://m.media-amazon.com/images/I/51Swo0Tx-AL._US218_.jpg,,
9780956932303,,The Secret Lake: A children's mystery adventure,4.6,"17,236",Paperback,"8 - 11 years, from customers",Not known,Not known,122 pages,English,5.25 x 0.31 x 8 inches,Not known,"August 4, 2011",956932304,978-0956932303,Karen Inglis,Not known,Not known,https://m.media-amazon.com/images/I/51t8G2UWPqL._US218_.jpg,,
9780525553366,,Hair Love,4.9,"17,968",Hardcover,"2 - 7 years, from customers",Preschool - 3,AD480L,32 pages,English,9.88 x 0.34 x 10.31 inches,Kokila,"May 14, 2019",525553363,978-0525553366,Matthew A. Cherry,Vashti Harrison,Not known,https://m.media-amazon.com/images/I/51tjnvwfLvL._US218_.jpg,,
9781849921596,,The Curious Incident of the Dog in the Night,4.2,"32,860",Paperback,Not known,Not known,Not known,Not known,English,5.08 x 0.67 x 7.8 inches,Random House Children's Books,"January 1, 2012",1849921598,978-1849921596,Mark Haddon,Not known,Not known,https://m.media-amazon.com/images/I/51TsTBTI6ZL._US218_.jpg,,
9780141354934,,PMC A Wrinkle In Time,4.4,"25,950",Paperback,"9 - 12 years, from customers",Not known,Not known,Not known,English,7.8 x 5.08 x 0.67 inches,PUFFIN BOOKS,"January 1, 1995",141354933,978-0141354934,MADELEINE LENGLE,Not known,Not known,https://m.media-amazon.com/images/I/51uAHDktCRL._US218_.jpg,,
9780394844848,,The 500 Hats of Bartholomew Cubbins (Classic Seuss),4.8,"1,327",Hardcover,"3 - 8 years, from customers",Kindergarten - 4,AD630L,56 pages,English,8.25 x 0.38 x 11.31 inches,Random House Books for Young Readers,"December 9, 1989",039484484X,978-0394844848,Dr. Seuss,Not known,Not known,https://m.media-amazon.com/images/I/51uJXIML9cL._US218_.jpg,,
9780763662295,,Sam and Dave Dig a Hole,4.6,"1,740",Hardcover,"3 - 6 years, from customers",Preschool - 3,450L,40 pages,English,8.38 x 0.41 x 10.94 inches,Candlewick,"October 14, 2014",763662291,978-0763662295,Mac Barnett,Jon Klassen,Not known,https://m.media-amazon.com/images/I/51UlhMJNnaL._US218_.jpg,,
9780375856112,,Inheritance: Book IV (Inheritance Cycle),4.7,"17,022",Hardcover,"10+ years, from customers",7 - 9,1010L,860 pages,English,6.38 x 2.09 x 9.38 inches,Knopf Books for Young Readers,"November 8, 2011",375856110,978-0375856112,Christopher Paolini,Not known,Not known,https://m.media-amazon.com/images/I/51uZYNB4+eL._US218_.jpg,,
9781484730881,,"Mother Bruce-Mother Bruce, Book 1 (Mother Bruce Series)",4.9,"1,936",Hardcover,"2 - 5 years, from customers",Preschool - Kindergarten,AD500L,48 pages,English,12.3 x 0.4 x 9.3 inches,Disney Hyperion,"November 24, 2015",1484730887,978-1484730881,Ryan T. Higgins,Not known,Not known,https://m.media-amazon.com/images/I/51V8QIzCqcL._US218_.jpg,,
9780064400565,,Stuart Little,4.6,"3,467",Paperback,"5 - 8 years, from customers",3 - 7,920L,131 pages,English,5.18 x 0.37 x 7.84 inches,Harper & Row,"September 1, 2020",9780064400565,978-0064400565,E. B White,Garth Williams,Not known,https://m.media-amazon.com/images/I/51VudwIxGtL._US218_.jpg,,
9781484746691,,Gravity Falls:: Journal 3,4.8,"20,555",Hardcover,"8+ years, from customers",3 - 7,Not known,288 pages,English,7.76 x 0.98 x 9.76 inches,Disney Press,"July 26, 2016",1484746694,978-1484746691,Alex Hirsch,Not known,Not known,https://m.media-amazon.com/images/I/51wtgjkWg-L._US218_.jpg,,
9780152567088,,The Napping House,4.9,"4,668",Hardcover,"1 - 4 years, from customers",Preschool - 3,NP,32 pages,English,9 x 0.39 x 10 inches,Clarion Books,"May 4, 2009",152567089,978-0152567088,Audrey Wood,Don Wood,Not known,https://m.media-amazon.com/images/I/51x-lxHwrUL._US218_.jpg,,
9781014929860,,"The Magic Compass, a Story From Mary Poppins.",4.4,"3,949",Paperback,"5 - 9 years, from customers",Not known,Not known,36 pages,English,6.14 x 0.07 x 9.21 inches,Hassell Street Press,"September 10, 2021",1014929865,978-1014929860,P L (Pamela Lyndon) 1899- Travers(Creator),Not known,Not known,https://m.media-amazon.com/images/I/51XMY7LpGBL._US218_.jpg,,
9780544032569,,Stick and Stone,4.8,"1,613",Hardcover,"2 - 5 years, from customers",Preschool - 3,250L,48 pages,English,9 x 0.38 x 9 inches,Clarion Books,"April 7, 2015",9780544032569,978-0544032569,Beth Ferry,Tom Lichtenheld,Not known,https://m.media-amazon.com/images/I/51yOsGxL9JL._US218_.jpg,,
9781408855683,,Harry Potter and the Goblet of Fire,4.9,"74,737",Paperback,"7 - 12 years, from customers",Not known,Not known,640 pages,English,5.08 x 1.61 x 7.8 inches,Bloomsbury,"March 1, 2016",1408855682,978-1408855683,Varios,Not known,Not known,https://m.media-amazon.com/images/I/51zBweKyrUL._US218_.jpg,,
9781580891424,,Lola at the Library (Lola Reads),4.9,"2,556",Paperback,"1 - 3 years, from customers",Not known,AD330L,32 pages,English,9.5 x 0.14 x 9.63 inches,Charlesbridge,"June 1, 2006",158089142X,978-1580891424,Anna McQuinn,Rosalind Beardshaw,Not known,https://m.media-amazon.com/images/I/51zlIFZTgxL._US218_.jpg,,
9780593382639,,Our Skin: A First Conversation About Race (First Conversations),4.5,"1,692",Board book,"2 - 5 years, from customers",Not known,AD550L,38 pages,English,6.5 x 0.86 x 7.5 inches,Rise x Penguin Workshop,"March 16, 2021",593382633,978-0593382639,Megan Madison,Jessica Ralli,Isabel Roxas,https://m.media-amazon.com/images/I/51ZW0EPpOCL._US218_.jpg,,
9780307119759,,I Just Forgot (A Little Critter Book),4.9,"4,044",Paperback,"2 - 6 years, from customers",Preschool - 2,AD490L,24 pages,English,8 x 8 x 0.15 inches,Random House Books for Young Readers,"August 18, 1999",307119750,978-0307119759,"Mercer Mayer(Author, Illustrator)",Not known,Not known,https://m.media-amazon.com/images/I/613cJbjmHEL._US218_.jpg,,
9780062971067,,I Promise,4.9,"6,290",Hardcover,"3 - 7 years, from customers",Preschool - 3,AD520L,40 pages,English,10 x 0.35 x 10 inches,HarperCollins,"August 11, 2020",62971069,978-0062971067,LeBron James,Niña Mata,Not known,https://m.media-amazon.com/images/I/617QygLtQVL._US218_.jpg,,
9781324005254,,Every Night Is Pizza Night,4.9,"1,308",Hardcover,"2 - 7 years, from customers",Preschool - 2,Not known,48 pages,English,10.4 x 0.4 x 8.3 inches,Norton Young Readers,"September 1, 2020",1324005254,978-1324005254,J. Kenji López-Alt,Gianna Ruggiero,Not known,https://m.media-amazon.com/images/I/61cvMSKdrrL._US218_.jpg,,
9780920668375,,Love You Forever,4.9,"58,823",Paperback,"Baby - 6 years, from customers",Not known,AD780L,32 pages,English,8 x 0.13 x 8 inches,Firefly Books,"September 1, 1995",920668372,978-0920668375,Robert Munsch,Sheila McGraw,Not known,https://m.media-amazon.com/images/I/61Gvvjyug2L._US218_.jpg,,
9780140540567,,True Story of the Three Little Pigs,4.9,"6,440",Paperback,"3 - 7 years, from customers",Not known,Not known,32 pages,English,0.12 x 7.44 x 8.98 inches,FBA Powersetup,"January 1, 1991",9780140540567,978-0140540567,jon scieszka,Not known,Not known,https://m.media-amazon.com/images/I/61GWLFdwApL._US218_.jpg,,
9780064431439,,Caps for Sale: A Tale of a Peddler Some Monkeys and Their Monkey Business,4.9,"4,595",Paperback,"2 - 5 years, from customers",Preschool - 3,AD480L,48 pages,English,9.8 x 7.8 x 0.1 inches,HarperCollins,"September 1, 1987",64431436,978-0064431439,Esphyr Slobodkina,Not known,Not known,https://m.media-amazon.com/images/I/61i6T-nivAL._US218_.jpg,,
9781984816399,,Kindness Makes Us Strong,4.8,"1,365",Board book,"Baby - 3 years, from customers",Not known,AD140L,24 pages,English,8.63 x 0.61 x 8.63 inches,Dial Books,"December 24, 2019",198481639X,978-1984816399,Sophie Beer,Not known,Not known,https://m.media-amazon.com/images/I/61M2uargbdL._US218_.jpg,,
9780763641689,,Interrupting Chicken,4.8,"2,244",Hardcover,"3 - 6 years, from customers",Preschool - 3,AD510L,40 pages,English,11.06 x 0.39 x 9 inches,Candlewick,"August 10, 2010",763641685,978-0763641689,"David Ezra Stein(Author, Illustrator)",Not known,Not known,https://m.media-amazon.com/images/I/61madKTZWiL._US218_.jpg,,
9780399234163,,"Stand Tall, Molly Lou Melon",4.8,"1,863",Hardcover,"2 - 6 years, from customers",Preschool - 3,AD560L,32 pages,English,9.31 x 0.32 x 9.31 inches,G.P. Putnam's Sons,"August 27, 2001",399234160,978-0399234163,Patty Lovell,David Catrow,Not known,https://m.media-amazon.com/images/I/61muF23f0DL._US218_.jpg,,
9780670674244,,The Story of Ferdinand,4.9,"8,472",Hardcover,"2 - 6 years, from customers",2 - Kindergarten,AD760L,72 pages,English,7.6 x 0.43 x 9.2 inches,Viking Books for Young Readers,"January 1, 1936",9780670674244,978-0670674244,Munro Leaf,Robert Lawson,Not known,https://m.media-amazon.com/images/I/61n5JDYQBvL._US218_.jpg,,
9780007115563,,Prince Caspian,4.6,"3,642",Paperback,"5 - 10 years, from customers",Not known,Not known,Not known,English,4.37 x 0.59 x 7.01 inches,HarperCollins Children's Books,"January 1, 2001",7115563,978-0007115563,C.S. Lewis,Not known,Not known,https://m.media-amazon.com/images/I/61qibkwNL8L._US218_.jpg,,
9781444959451,,The Enchanted Wood: Book 1 (The Magic Faraway Tree),4.5,"3,555",Paperback,6 - 8 years,Not known,Not known,Not known,English,5.04 x 0.94 x 7.72 inches,Hodder Children's Books,"September 3, 2020",144495945X,978-1444959451,Enid Blyton,Not known,Not known,https://m.media-amazon.com/images/I/61sP7gstfyL._US218_.jpg,,
9780763678883,,The Princess in Black,4.7,"3,197",Paperback,"4 - 7 years, from customers",Kindergarten - 3,500L,96 pages,English,6.44 x 0.28 x 8.19 inches,Candlewick,"April 14, 2015",763678880,978-0763678883,Shannon Hale,Dean Hale,LeUyen Pham,https://m.media-amazon.com/images/I/61w30L4Q3GL._US218_.jpg,,
9780698115811,,Thunder Cake,4.9,"1,506",Paperback,"3 - 8 years, from customers",Kindergarten - 3,630L,32 pages,English,8 x 0.12 x 10.25 inches,Puffin Books,"August 25, 1997",9780698115811,978-0698115811,Patricia Polacco,Not known,Not known,https://m.media-amazon.com/images/I/61Y22C1MkbL._US218_.jpg,,